{"stats":{"minecraft:custom":{"minecraft:mob_kills":10,"minecraft:interact_with_crafting_table":1,"minecraft:open_barrel":4,"minecraft:interact_with_campfire":3,"minecraft:leave_game":1,"minecraft:time_since_death":41784,"minecraft:sleep_in_bed":1,"minecraft:climb_one_cm":1889,"minecraft:time_since_rest":4819,"minecraft:sprint_one_cm":10666,"minecraft:damage_taken":757,"minecraft:walk_one_cm":106609,"minecraft:damage_blocked_by_shield":420,"minecraft:drop":15,"minecraft:damage_dealt":2115,"minecraft:swim_one_cm":4189,"minecraft:fly_one_cm":35278,"minecraft:open_chest":8,"minecraft:crouch_one_cm":1004,"minecraft:play_time":41784,"minecraft:sneak_time":1126,"minecraft:walk_under_water_one_cm":13764,"minecraft:jump":409,"minecraft:walk_on_water_one_cm":9541,"minecraft:total_world_time":41784,"minecraft:fall_one_cm":11051},"minecraft:picked_up":{"minecraft:wheat":21,"minecraft:cooked_beef":3,"minecraft:golden_pickaxe":1,"minecraft:golden_shovel":1,"minecraft:oak_log":6,"minecraft:golden_sword":1,"scalinghealth:heart_crystal":1,"minecraft:dirt":3,"minecraft:string":2,"pizzacraft:cucumber_seeds":2,"minecraft:wheat_seeds":1,"minecraft:beef":3,"pizzacraft:tomato":1,"scalinghealth:power_crystal_shard":9,"minecraft:light_gray_wool":7,"minecraft:melon_slice":102,"minecraft:sugar_cane":6,"minecraft:acacia_sapling":10,"minecraft:stick":2,"minecraft:pumpkin":1,"minecraft:composter":1,"minecraft:golden_axe":1,"minecraft:spider_eye":1,"minecraft:rotten_flesh":1,"minecraft:arrow":8,"minecraft:golden_hoe":1,"minecraft:hay_block":31,"minecraft:emerald":3,"minecraft:oak_sapling":2},"minecraft:killed":{"minecraft:vindicator":1,"minecraft:spider":1,"minecraft:pillager":5,"minecraft:zombie":1,"unusualfishmod:ripper":1,"minecraft:cow":1},"minecraft:crafted":{"scalinghealth:power_crystal":1},"minecraft:used":{"dungeons_and_combat:broken_sword":44,"minecraft:dirt":3,"dungeons_and_combat:broken_shield":7,"minecraft:apple":3,"minecraft:melon_slice":2,"scalinghealth:power_crystal":1,"pizzacraft:tomato":1,"minecraft:cooked_beef":3,"minecraft:pumpkin":1,"minecraft:golden_axe":17},"minecraft:mined":{"biomesoplenty:desert_grass":1,"minecraft:grass_block":3,"minecraft:melon":17,"minecraft:dead_bush":1,"minecraft:tall_grass":7,"minecraft:sugar_cane":4,"minecraft:composter":1,"minecraft:hay_block":31,"minecraft:light_gray_wool":6,"minecraft:grass":15,"minecraft:oak_log":6,"minecraft:vine":1,"lucky:lucky_block":2,"minecraft:oak_leaves":4,"minecraft:fern":1},"minecraft:dropped":{"minecraft:wheat_seeds":1,"minecraft:golden_pickaxe":1,"minecraft:composter":1,"minecraft:rotten_flesh":1,"pizzacraft:cucumber_seeds":2,"minecraft:golden_shovel":1,"minecraft:filled_map":1,"minecraft:melon_slice":38,"minecraft:acacia_sapling":10,"minecraft:oak_sapling":2,"minecraft:golden_sword":1,"minecraft:spider_eye":1,"minecraft:golden_hoe":1}},"DataVersion":3465}