{"stats":{"minecraft:custom":{"minecraft:jump":261,"minecraft:time_since_rest":96,"minecraft:leave_game":1,"minecraft:deaths":1,"minecraft:walk_on_water_one_cm":2509,"minecraft:sprint_one_cm":15445,"minecraft:play_time":6600,"minecraft:damage_taken":535,"minecraft:time_since_death":62,"minecraft:walk_one_cm":19217,"minecraft:sneak_time":3,"minecraft:total_world_time":6600,"minecraft:walk_under_water_one_cm":5877,"minecraft:talked_to_villager":1,"minecraft:fall_one_cm":12527,"minecraft:fly_one_cm":50703},"minecraft:mined":{"lucky:lucky_block":1}},"DataVersion":3465}