{"stats":{"minecraft:picked_up":{"minecraft:stick":2,"pizzacraft:cucumber_seeds":1,"pizzacraft:tomato":1,"minecraft:oak_log":5,"minecraft:dirt":1},"minecraft:custom":{"minecraft:time_since_rest":17784,"minecraft:crouch_one_cm":57,"minecraft:play_time":17784,"minecraft:sprint_one_cm":86,"minecraft:damage_taken":105,"minecraft:walk_one_cm":7911,"minecraft:sneak_time":106,"minecraft:jump":15,"minecraft:damage_dealt":89,"minecraft:leave_game":1,"minecraft:time_since_death":17784,"minecraft:total_world_time":17784,"minecraft:fly_one_cm":963,"minecraft:fall_one_cm":778},"minecraft:used":{"dungeons_and_combat:broken_sword":1},"minecraft:mined":{"minecraft:grass":12,"minecraft:grass_block":1,"minecraft:oak_log":5,"minecraft:dead_bush":1,"minecraft:tall_grass":5,"minecraft:oak_leaves":2,"minecraft:fern":1}},"DataVersion":3465}