{"stats":{"minecraft:custom":{"minecraft:mob_kills":363,"minecraft:interact_with_crafting_table":23,"minecraft:open_barrel":10,"minecraft:interact_with_campfire":3,"minecraft:damage_dealt_resisted":135,"minecraft:leave_game":5,"minecraft:time_since_death":96582,"minecraft:climb_one_cm":44113,"minecraft:damage_resisted":1406,"minecraft:sprint_one_cm":94954,"minecraft:walk_one_cm":616656,"minecraft:damage_blocked_by_shield":2712,"minecraft:drop":177,"minecraft:play_time":220053,"minecraft:sneak_time":7039,"minecraft:deaths":4,"minecraft:walk_under_water_one_cm":30628,"minecraft:interact_with_lectern":2,"minecraft:jump":2232,"minecraft:walk_on_water_one_cm":50271,"minecraft:total_world_time":220053,"minecraft:interact_with_furnace":1,"minecraft:sleep_in_bed":3,"minecraft:time_since_rest":96610,"minecraft:waystone_activated":1,"minecraft:damage_taken":13188,"minecraft:trigger_trapped_chest":2,"minecraft:damage_dealt":49384,"minecraft:swim_one_cm":44984,"minecraft:fly_one_cm":270523,"minecraft:open_chest":46,"minecraft:crouch_one_cm":22382,"minecraft:fall_one_cm":76154},"minecraft:picked_up":{"iceandfire:dragon_skull_lightning":1,"minecraft:charcoal":2,"minecraft:coarse_dirt":3,"minecraft:wheat":21,"dungeons_and_combat:royal_steel_helmet":9,"minecraft:ladder":26,"minecraft:golden_pickaxe":1,"artifacts:bunny_hoppers":1,"minecraft:oak_stairs":2,"minecraft:golden_shovel":1,"minecraft:stone_brick_stairs":3,"gravestone:obituary":7,"minecraft:golden_sword":1,"minecraft:stripped_mangrove_log":2,"minecraft:string":48,"minecraft:red_bed":3,"dungeons_and_combat:counselor_leggings":16,"minecraft:item_frame":1,"minecraft:quartz_slab":2,"dungeonnowloading:spawner_fragment":13,"minecraft:smooth_red_sandstone_slab":1,"minecraft:sea_pickle":10,"minecraft:cracked_stone_bricks":5,"minecraft:beef":3,"dungeons_and_combat:estus_flask":1,"minecraft:iron_nugget":65,"minecraft:light_gray_wool":14,"minecraft:melon_slice":102,"minecraft:sugar_cane":13,"pizzacraft:corn":2,"dungeons_and_combat:royal_steel_boots":9,"minecraft:stick":6,"dungeons_and_combat:counselor_chestplate":19,"iceandfire:dragonbone":17,"dungeons_and_combat:royal_steel_leggings":11,"iceandfire:deathworm_chitin_red":2,"minecraft:composter":1,"minecraft:torch":2,"minecraft:acacia_log":4,"minecraft:golden_axe":1,"dungeons_and_combat:royal_steel_chestplate":10,"dungeons_and_combat:cursed_steel_dagger":14,"iceandfire:deathworm_chitin_white":10,"dungeons_and_combat:royal_steel_sword":14,"mowziesmobs:umvuthana_mask_faith":3,"minecraft:arrow":16,"minecraft:mangrove_stairs":2,"minecraft:rotten_flesh":17,"minecraft:golden_hoe":1,"minecraft:hay_block":31,"alexsmobs:emu_egg":2,"dungeons_and_combat:cobblestone_brick":8,"minecraft:gold_ingot":27,"minecraft:cobblestone":27,"mowziesmobs:umvuthana_mask_fury":1,"minecraft:feather":35,"minecraft:cooked_beef":3,"minecraft:smooth_red_sandstone":2,"quark:smithing_template_rune":1,"minecraft:packed_mud":2,"scalinghealth:bandages":8,"minecraft:oak_log":11,"minecraft:chainmail_chestplate":1,"minecraft:cobblestone_wall":4,"minecraft:gunpowder":7,"dungeons_and_combat:forgotten_knight_chestplate":2,"scalinghealth:heart_crystal":25,"dungeons_and_combat:cobblestone_brick_mossy":7,"minecraft:lapis_lazuli":25,"minecraft:dirt":5,"minecraft:lantern":1,"minecraft:white_banner":1,"minecraft:orange_terracotta":2,"pizzacraft:cucumber_seeds":2,"minecraft:acacia_planks":56,"mowziesmobs:umvuthana_mask_rage":1,"minecraft:red_sandstone":17,"minecraft:wheat_seeds":6,"minecraft:spruce_wood":4,"pizzacraft:tomato":1,"minecraft:iron_ingot":1,"scalinghealth:power_crystal_shard":27,"dungeons_and_combat:cobblestone_brick_stairs":2,"minecraft:glowstone_dust":2,"minecraft:moss_block":3,"mowziesmobs:umvuthana_mask_misery":3,"minecraft:oak_planks":2,"minecraft:acacia_sapling":10,"scalinghealth:heart_crystal_shard":14,"minecraft:dark_oak_slab":3,"minecraft:pumpkin":1,"minecraft:stone_brick_slab":4,"dungeons_and_combat:forgotten_knight_leggings":2,"minecraft:dark_oak_log":2,"artifacts:scarf_of_invisibility":1,"minecraft:spider_eye":11,"dungeons_and_combat:forgotten_knight_helmet":1,"minecraft:polished_andesite":1,"minecraft:diamond":19,"waystones:waystone":1,"minecraft:iron_helmet":1,"minecraft:crossbow":1,"minecraft:bone_meal":1,"minecraft:emerald":54,"mowziesmobs:umvuthana_mask_fear":5,"minecraft:oak_sapling":4},"minecraft:killed":{"minecraft:cave_spider":17,"minecraft:witch":2,"mowziesmobs:umvuthi":1,"minecraft:spider":14,"minecraft:vindicator":1,"dungeons_and_combat:prisoner_skull":5,"dungeons_and_combat:counselor_skull":131,"minecraft:skeleton":5,"unusualfishmod:ripper":3,"mowziesmobs:umvuthana_crane":6,"minecraft:silverfish":4,"minecraft:drowned":1,"iceandfire:deathworm":2,"alexsmobs:triops":1,"mowziesmobs:umvuthana":21,"dungeons_and_combat:royal_skull":113,"minecraft:pillager":14,"minecraft:zombie":9,"minecraft:enderman":1,"minecraft:cow":1},"minecraft:crafted":{"dungeons_and_combat:counselor_leggings":13,"minecraft:oak_planks":44,"dungeons_and_combat:royal_steel_leggings":8,"dungeons_and_combat:royal_steel_chestplate":7,"dungeons_and_combat:cursed_steel_dagger":8,"minecraft:oak_trapdoor":2,"quark:acacia_chest":1,"minecraft:iron_boots":1,"dungeons_and_combat:wooden_shield":1,"minecraft:chest":1,"minecraft:dark_oak_planks":8,"scalinghealth:power_crystal":3,"sophisticatedbackpacks:iron_backpack":1,"minecraft:wheat":279,"sophisticatedbackpacks:backpack":1,"minecraft:crafting_table":4,"dungeons_and_combat:counselor_chestplate":11,"minecraft:spruce_planks":16,"minecraft:wooden_pickaxe":1,"minecraft:iron_sword":1,"sophisticatedbackpacks:gold_backpack":2,"scalinghealth:heart_crystal":1,"minecraft:mangrove_planks":8,"minecraft:bucket":1,"minecraft:bread":103,"dungeons_and_combat:royal_steel_sword":7,"minecraft:dark_oak_slab":6,"minecraft:shield":1,"sophisticatedbackpacks:diamond_backpack":2,"minecraft:stick":8,"minecraft:iron_ingot":16,"minecraft:iron_pickaxe":1,"dungeons_and_combat:royal_steel_boots":7,"minecraft:acacia_planks":16,"minecraft:torch":20,"dungeons_and_combat:royal_steel_helmet":6},"minecraft:killed_by":{"mowziesmobs:umvuthi":1},"minecraft:used":{"alexsmobs:emu_egg":2,"minecraft:moss_block":2,"minecraft:oak_trapdoor":2,"dungeons_and_combat:royal_steel_sword":438,"dungeons_and_combat:broken_sword":156,"minecraft:ladder":23,"minecraft:spruce_planks":15,"minecraft:shield":64,"minecraft:iron_sword":291,"dungeons_and_combat:cobblestone_brick_stairs":2,"minecraft:vex_spawn_egg":5,"minecraft:torch":8,"minecraft:dirt":5,"scalinghealth:heart_crystal":21,"pizzacraft:corn":3,"minecraft:cobblestone_wall":2,"minecraft:stone_brick_slab":4,"minecraft:mangrove_stairs":2,"minecraft:quartz_slab":2,"minecraft:oak_stairs":2,"minecraft:packed_mud":2,"minecraft:iron_helmet":1,"minecraft:dark_oak_slab":9,"scalinghealth:power_crystal":3,"minecraft:stone_brick_stairs":3,"minecraft:item_frame":1,"pizzacraft:tomato":1,"minecraft:goat_horn":4,"minecraft:cooked_beef":3,"minecraft:orange_terracotta":2,"minecraft:pumpkin":1,"minecraft:golden_axe":26,"minecraft:deepslate_emerald_ore":16,"minecraft:polished_andesite":1,"minecraft:mangrove_planks":4,"minecraft:oak_planks":18,"minecraft:wooden_pickaxe":7,"dungeons_and_combat:cobblestone_brick":14,"iceandfire:dragon_skull_lightning":1,"minecraft:cracked_stone_bricks":5,"dungeons_and_combat:cursed_steel_dagger":951,"minecraft:sand":18,"minecraft:crafting_table":4,"minecraft:red_bed":2,"minecraft:crossbow":20,"dungeons_and_combat:broken_shield":18,"minecraft:red_sandstone":17,"minecraft:apple":15,"dungeons_and_combat:cobblestone_brick_mossy":7,"minecraft:bread":57,"minecraft:melon_slice":2,"minecraft:string":2,"minecraft:smooth_red_sandstone_slab":1,"minecraft:cobblestone":27,"minecraft:white_banner":1,"minecraft:cooked_porkchop":3,"minecraft:bucket":1,"minecraft:coarse_dirt":1,"minecraft:golden_pickaxe":32,"minecraft:chainmail_leggings":1},"minecraft:broken":{"mowziesmobs:umvuthana_mask_fear":1,"mowziesmobs:umvuthana_mask_faith":1,"dungeons_and_combat:royal_steel_helmet":1,"minecraft:chainmail_leggings":1,"dungeons_and_combat:royal_steel_sword":3,"dungeons_and_combat:broken_shield":1,"dungeons_and_combat:broken_sword":1,"dungeons_and_combat:cursed_steel_dagger":4,"dungeons_and_combat:forgotten_knight_boots":1,"minecraft:golden_axe":1,"minecraft:iron_sword":1,"minecraft:golden_pickaxe":1},"minecraft:mined":{"minecraft:stripped_mangrove_log":1,"dungeons_and_combat:cobblestone_brick":8,"biomesoplenty:desert_grass":1,"minecraft:red_sand":1,"minecraft:ladder":28,"gravestone:gravestone":4,"minecraft:acacia_log":4,"minecraft:grass_block":3,"minecraft:acacia_slab":1,"minecraft:moss_block":3,"minecraft:composter":1,"biomesoplenty:dune_grass":1,"minecraft:spawner":2,"minecraft:large_fern":2,"minecraft:hay_block":31,"minecraft:packed_mud":2,"minecraft:vine":2,"minecraft:oak_stairs":2,"minecraft:spruce_wood":4,"lucky:lucky_block":4,"dungeons_and_combat:cobblestone_brick_stairs":2,"minecraft:tripwire":1,"minecraft:mangrove_stairs":2,"minecraft:red_bed":2,"minecraft:stone_brick_slab":4,"minecraft:melon":17,"minecraft:dead_bush":3,"dungeons_and_combat:cobblestone_brick_mossy":7,"minecraft:tall_grass":12,"minecraft:sugar_cane":4,"minecraft:coarse_dirt":2,"minecraft:dark_oak_slab":3,"minecraft:cobblestone_wall":2,"minecraft:sea_pickle":2,"minecraft:light_gray_wool":6,"minecraft:stone_brick_stairs":3,"minecraft:grass":34,"minecraft:oak_log":11,"minecraft:dirt":1,"minecraft:cobweb":1,"minecraft:cracked_stone_bricks":5,"minecraft:oak_leaves":11,"minecraft:fern":5},"minecraft:dropped":{"minecraft:bread":39,"minecraft:moss_block":1,"minecraft:wheat_seeds":4,"minecraft:golden_pickaxe":1,"minecraft:crossbow":1,"minecraft:iron_helmet":2,"dungeons_and_combat:counselor_chestplate":4,"dungeons_and_combat:counselor_leggings":1,"pizzacraft:cucumber_seeds":2,"pizzacraft:corn":1,"dungeons_and_combat:royal_steel_helmet":1,"minecraft:stick":4,"dungeons_and_combat:royal_steel_sword":1,"minecraft:red_bed":1,"minecraft:smooth_red_sandstone":2,"scalinghealth:heart_crystal":5,"minecraft:melon_slice":38,"minecraft:map":1,"gravestone:obituary":11,"dungeons_and_combat:royal_steel_boots":1,"minecraft:bone_meal":1,"minecraft:potion":1,"minecraft:gold_nugget":1,"dungeons_and_combat:royal_steel_leggings":1,"minecraft:golden_hoe":1,"dungeons_and_combat:cobblestone_brick":1,"minecraft:iron_pickaxe":1,"dungeons_and_combat:forgotten_knight_leggings":3,"minecraft:string":38,"minecraft:dark_oak_planks":1,"minecraft:acacia_planks":55,"artifacts:bunny_hoppers":1,"minecraft:iron_nugget":4,"dungeons_and_combat:forgotten_knight_chestplate":3,"minecraft:coarse_dirt":2,"minecraft:cobblestone_wall":2,"dungeons_and_combat:forgotten_knight_helmet":2,"minecraft:composter":1,"minecraft:rotten_flesh":17,"minecraft:iron_boots":1,"minecraft:glowstone_dust":3,"minecraft:golden_shovel":1,"dungeons_and_combat:royal_steel_chestplate":1,"sophisticatedbackpacks:diamond_backpack":1,"minecraft:chainmail_chestplate":2,"minecraft:filled_map":1,"minecraft:sea_pickle":10,"mowziesmobs:umvuthana_mask_misery":2,"minecraft:ladder":2,"minecraft:acacia_sapling":10,"minecraft:oak_sapling":4,"minecraft:golden_sword":1,"minecraft:spider_eye":11,"minecraft:wooden_pickaxe":1}},"DataVersion":3465}