{"stats":{"minecraft:custom":{"minecraft:interact_with_crafting_table":24,"minecraft:open_barrel":16,"minecraft:leave_game":5,"minecraft:time_since_death":15574,"minecraft:damage_resisted":2637,"minecraft:sprint_one_cm":171048,"minecraft:damage_blocked_by_shield":4364,"minecraft:drop":212,"minecraft:play_time":292053,"minecraft:deaths":9,"minecraft:jump":3295,"minecraft:walk_on_water_one_cm":88992,"minecraft:interact_with_furnace":1,"minecraft:sleep_in_bed":5,"minecraft:waystone_activated":1,"minecraft:damage_dealt":65572,"minecraft:player_kills":1,"minecraft:crouch_one_cm":23706,"minecraft:mob_kills":439,"minecraft:interact_with_campfire":3,"minecraft:damage_dealt_resisted":439,"minecraft:climb_one_cm":44731,"minecraft:walk_one_cm":874724,"minecraft:sneak_time":7614,"minecraft:walk_under_water_one_cm":70068,"minecraft:interact_with_lectern":2,"minecraft:total_world_time":292053,"minecraft:time_since_rest":15598,"minecraft:damage_taken":21696,"minecraft:trigger_trapped_chest":5,"minecraft:swim_one_cm":143111,"minecraft:fly_one_cm":494011,"minecraft:open_chest":55,"minecraft:fall_one_cm":114496},"minecraft:picked_up":{"minecraft:wheat":21,"dungeons_and_combat:royal_steel_helmet":9,"artifacts:bunny_hoppers":1,"minecraft:oak_stairs":2,"minecraft:brown_bed":1,"minecraft:golden_shovel":1,"minecraft:stone_brick_stairs":3,"minecraft:golden_sword":1,"minecraft:string":50,"minecraft:soul_soil":19,"minecraft:smooth_red_sandstone_slab":1,"iceandfire:sea_serpent_scales_bronze":5,"minecraft:sea_pickle":10,"minecraft:ender_eye":1,"dungeons_and_combat:estus_flask":1,"minecraft:melon_slice":102,"dungeons_and_combat:royal_steel_boots":9,"minecraft:stick":8,"dungeons_and_combat:counselor_chestplate":19,"pizzacraft:pineapple_seeds":2,"minecraft:composter":1,"mowziesmobs:sol_visage":1,"minecraft:oak_fence":2,"minecraft:torch":2,"minecraft:acacia_log":4,"minecraft:golden_axe":1,"dungeons_and_combat:royal_steel_chestplate":10,"dungeons_and_combat:cursed_steel_dagger":14,"minecraft:rotten_flesh":27,"minecraft:mangrove_stairs":2,"alexsmobs:emu_egg":2,"supplementaries:ash":7,"minecraft:cobblestone":27,"minecraft:feather":84,"minecraft:cooked_beef":3,"minecraft:birch_slab":8,"minecraft:wither_skeleton_skull":1,"minecraft:lapis_lazuli":25,"minecraft:dirt":9,"minecraft:lantern":1,"pizzacraft:cucumber_seeds":2,"minecraft:acacia_planks":56,"minecraft:bow":1,"minecraft:wheat_seeds":15,"pizzacraft:tomato":2,"dungeons_and_combat:cobblestone_brick_stairs":2,"minecraft:glowstone_dust":2,"minecraft:moss_block":3,"minecraft:oak_planks":2,"tconstruct:necrotic_bone":15,"dungeons_and_combat:forgotten_knight_leggings":2,"minecraft:sand":8,"minecraft:dark_oak_log":2,"dungeons_and_combat:forgotten_knight_helmet":1,"minecraft:polished_andesite":1,"minecraft:diamond":19,"waystones:waystone":1,"minecraft:crossbow":1,"minecraft:bone_meal":1,"minecraft:golden_horse_armor":1,"wrd:candle_wax_bits":4,"minecraft:emerald":55,"minecraft:oak_sapling":4,"iceandfire:dragon_skull_lightning":1,"minecraft:charcoal":2,"minecraft:coarse_dirt":3,"iceandfire:witherbone":11,"minecraft:ladder":26,"minecraft:golden_pickaxe":1,"minecraft:diamond_horse_armor":1,"gravestone:obituary":8,"minecraft:stripped_mangrove_log":2,"minecraft:red_bed":3,"dungeons_and_combat:counselor_leggings":16,"minecraft:quartz_slab":2,"minecraft:item_frame":1,"dungeonnowloading:spawner_fragment":13,"minecraft:cracked_stone_bricks":5,"minecraft:beef":3,"minecraft:iron_nugget":65,"minecraft:light_gray_wool":14,"minecraft:sugar_cane":13,"pizzacraft:corn":2,"iceandfire:dragonbone":17,"dungeons_and_combat:royal_steel_leggings":11,"iceandfire:deathworm_chitin_red":2,"biomesoplenty:wilted_lily":1,"iceandfire:deathworm_chitin_white":10,"minecraft:iron_horse_armor":1,"dungeons_and_combat:royal_steel_sword":14,"mowziesmobs:umvuthana_mask_faith":10,"minecraft:arrow":19,"botania:lime_mystical_flower":3,"minecraft:golden_hoe":1,"minecraft:hay_block":31,"mowziesmobs:umvuthana_mask_bliss":3,"dungeons_and_combat:cobblestone_brick":8,"minecraft:gold_ingot":27,"mowziesmobs:umvuthana_mask_fury":1,"iceandfire:sea_serpent_fang":6,"minecraft:smooth_red_sandstone":2,"minecraft:packed_mud":2,"quark:smithing_template_rune":1,"minecraft:oak_log":11,"minecraft:chainmail_chestplate":1,"scalinghealth:bandages":9,"minecraft:gunpowder":7,"minecraft:cobblestone_wall":4,"scalinghealth:heart_crystal":33,"dungeons_and_combat:forgotten_knight_chestplate":2,"dungeons_and_combat:cobblestone_brick_mossy":7,"scalinghealth:medkit":1,"minecraft:white_banner":1,"minecraft:orange_terracotta":2,"mowziesmobs:umvuthana_mask_rage":4,"minecraft:red_sandstone":17,"minecraft:spruce_wood":4,"minecraft:iron_ingot":15,"scalinghealth:power_crystal_shard":27,"minecraft:acacia_sapling":10,"mowziesmobs:umvuthana_mask_misery":4,"scalinghealth:heart_crystal_shard":21,"minecraft:dark_oak_slab":3,"minecraft:pumpkin":1,"minecraft:stone_brick_slab":4,"minecraft:spruce_log":2,"artifacts:scarf_of_invisibility":1,"minecraft:dark_oak_fence_gate":1,"minecraft:spider_eye":11,"minecraft:oak_wood":5,"minecraft:iron_helmet":1,"minecraft:deepslate_redstone_ore":1,"mowziesmobs:umvuthana_mask_fear":7,"minecraft:coal":5,"minecraft:ender_pearl":1},"minecraft:killed":{"minecraft:cave_spider":17,"minecraft:witch":2,"unusualfishmod:zebra_cornetfish":1,"mowziesmobs:umvuthi":2,"minecraft:spider":15,"dungeons_and_combat:prisoner_skull":5,"dungeons_and_combat:counselor_skull":131,"minecraft:skeleton":6,"mowziesmobs:umvuthana_crane":23,"minecraft:silverfish":4,"alexsmobs:triops":1,"dungeons_and_combat:royal_skull":113,"minecraft:pillager":15,"minecraft:zombie":19,"iceandfire:sea_serpent":1,"minecraft:cow":1,"minecraft:vindicator":2,"unusualfishmod:ripper":3,"minecraft:drowned":1,"iceandfire:deathworm":2,"mowziesmobs:umvuthana":42,"mowziesmobs:umvuthana_follower_raptor":3,"minecraft:wither_skeleton":15,"minecraft:enderman":1},"minecraft:crafted":{"dungeons_and_combat:counselor_leggings":13,"minecraft:oak_planks":64,"minecraft:iron_boots":1,"dungeons_and_combat:wooden_shield":1,"minecraft:chest":1,"scalinghealth:power_crystal":3,"sophisticatedbackpacks:backpack":1,"minecraft:crafting_table":5,"minecraft:spruce_planks":24,"minecraft:wooden_pickaxe":1,"dungeons_and_combat:royal_steel_sword":7,"minecraft:dark_oak_slab":6,"minecraft:shield":1,"sophisticatedbackpacks:diamond_backpack":2,"minecraft:stick":8,"minecraft:iron_ingot":16,"minecraft:iron_pickaxe":1,"dungeons_and_combat:royal_steel_boots":7,"dungeons_and_combat:royal_steel_helmet":6,"dungeons_and_combat:royal_steel_leggings":8,"dungeons_and_combat:royal_steel_chestplate":7,"dungeons_and_combat:cursed_steel_dagger":8,"minecraft:oak_trapdoor":2,"quark:acacia_chest":1,"minecraft:dark_oak_planks":8,"minecraft:wheat":279,"sophisticatedbackpacks:iron_backpack":1,"dungeons_and_combat:counselor_chestplate":11,"minecraft:iron_sword":1,"sophisticatedbackpacks:gold_backpack":2,"scalinghealth:heart_crystal":2,"minecraft:mangrove_planks":8,"minecraft:bucket":1,"minecraft:bread":103,"minecraft:acacia_planks":16,"minecraft:torch":20},"minecraft:killed_by":{"mowziesmobs:umvuthi":1,"mowziesmobs:umvuthana":1},"minecraft:used":{"alexsmobs:emu_egg":2,"minecraft:moss_block":2,"mowziesmobs:umvuthana_mask_fear":1,"minecraft:ladder":23,"minecraft:shield":271,"minecraft:iron_sword":508,"minecraft:vex_spawn_egg":5,"pizzacraft:corn":3,"minecraft:mangrove_stairs":2,"minecraft:quartz_slab":2,"minecraft:packed_mud":2,"minecraft:iron_helmet":1,"minecraft:dark_oak_slab":9,"minecraft:stone_brick_stairs":3,"pizzacraft:tomato":2,"minecraft:item_frame":1,"minecraft:oak_planks":18,"minecraft:mangrove_planks":4,"minecraft:ender_pearl":2,"minecraft:wooden_pickaxe":7,"dungeons_and_combat:cobblestone_brick":14,"minecraft:diamond_axe":28,"minecraft:sand":26,"minecraft:crossbow":32,"dungeons_and_combat:broken_shield":18,"minecraft:red_sandstone":17,"minecraft:birch_slab":8,"dungeons_and_combat:cobblestone_brick_mossy":7,"minecraft:melon_slice":2,"minecraft:bread":86,"minecraft:string":2,"minecraft:smooth_red_sandstone_slab":1,"minecraft:coarse_dirt":1,"minecraft:golden_pickaxe":32,"minecraft:oak_fence":2,"minecraft:oak_trapdoor":2,"dungeons_and_combat:royal_steel_sword":438,"dungeons_and_combat:broken_sword":156,"minecraft:spruce_planks":23,"dungeons_and_combat:cobblestone_brick_stairs":2,"minecraft:torch":8,"minecraft:dirt":8,"scalinghealth:heart_crystal":30,"minecraft:cobblestone_wall":2,"minecraft:stone_brick_slab":4,"minecraft:oak_stairs":2,"scalinghealth:power_crystal":3,"minecraft:soul_soil":19,"minecraft:goat_horn":4,"scalinghealth:bandages":1,"biomesoplenty:wilted_lily":1,"unusualprehistory:tar_bucket":8,"minecraft:cooked_beef":3,"minecraft:pumpkin":1,"minecraft:orange_terracotta":2,"botania:lime_mystical_flower":1,"minecraft:golden_axe":26,"minecraft:brown_bed":1,"minecraft:deepslate_emerald_ore":16,"minecraft:water_bucket":18,"minecraft:polished_andesite":1,"iceandfire:dragon_skull_lightning":1,"minecraft:cracked_stone_bricks":5,"dungeons_and_combat:cursed_steel_dagger":951,"minecraft:crafting_table":5,"minecraft:red_bed":2,"minecraft:ender_eye":1,"minecraft:apple":15,"minecraft:cobblestone":27,"minecraft:white_banner":1,"minecraft:cooked_porkchop":3,"minecraft:bucket":26,"minecraft:chainmail_leggings":1},"minecraft:broken":{"mowziesmobs:umvuthana_mask_fear":2,"mowziesmobs:umvuthana_mask_faith":1,"dungeons_and_combat:royal_steel_helmet":1,"dungeons_and_combat:royal_steel_sword":3,"dungeons_and_combat:cursed_steel_dagger":4,"mowziesmobs:umvuthana_mask_fury":1,"minecraft:iron_sword":1,"minecraft:chainmail_leggings":1,"dungeons_and_combat:broken_shield":1,"dungeons_and_combat:broken_sword":1,"mowziesmobs:umvuthana_mask_misery":2,"dungeons_and_combat:forgotten_knight_boots":1,"minecraft:shield":2,"minecraft:golden_axe":1,"minecraft:golden_pickaxe":1},"minecraft:mined":{"dungeons_and_combat:cobblestone_brick":8,"minecraft:red_sand":1,"minecraft:acacia_log":4,"minecraft:grass_block":8,"minecraft:soul_soil":5,"biomesoplenty:wilted_lily":1,"minecraft:composter":1,"minecraft:spawner":2,"minecraft:brown_bed":1,"minecraft:oak_stairs":2,"minecraft:spruce_wood":4,"dungeons_and_combat:cobblestone_brick_stairs":2,"minecraft:tripwire":1,"minecraft:red_bed":2,"minecraft:soul_fire":10,"minecraft:melon":17,"dungeons_and_combat:cobblestone_brick_mossy":7,"minecraft:dead_bush":4,"minecraft:sugar_cane":4,"wrd:candle_wax_bits":4,"minecraft:dark_oak_slab":3,"minecraft:light_gray_wool":6,"minecraft:stone_brick_stairs":3,"minecraft:grass":58,"minecraft:oak_log":11,"minecraft:sand":8,"minecraft:dirt":1,"minecraft:oak_leaves":12,"minecraft:stripped_mangrove_log":1,"biomesoplenty:desert_grass":1,"gravestone:gravestone":9,"minecraft:ladder":28,"minecraft:soul_campfire":14,"minecraft:birch_slab":8,"minecraft:acacia_slab":1,"minecraft:moss_block":3,"biomesoplenty:dune_grass":1,"minecraft:large_fern":2,"minecraft:hay_block":31,"minecraft:packed_mud":2,"minecraft:vine":2,"lucky:lucky_block":6,"minecraft:mangrove_stairs":2,"botania:lime_mystical_flower":3,"minecraft:stone_brick_slab":4,"minecraft:oak_fence":2,"minecraft:oak_wood":5,"minecraft:tall_grass":16,"minecraft:coarse_dirt":2,"minecraft:cobblestone_wall":2,"minecraft:sea_pickle":2,"minecraft:spruce_log":2,"unusualprehistory:tar":11,"minecraft:cobweb":1,"minecraft:cracked_stone_bricks":5,"minecraft:fern":5},"minecraft:dropped":{"minecraft:moss_block":1,"minecraft:golden_pickaxe":1,"minecraft:crossbow":1,"dungeons_and_combat:counselor_leggings":1,"minecraft:iron_horse_armor":1,"pizzacraft:corn":1,"wrd:candle_wax_bits":4,"minecraft:dirt":1,"minecraft:red_bed":1,"gravestone:obituary":17,"minecraft:gold_nugget":1,"minecraft:bone_meal":1,"dungeons_and_combat:royal_steel_leggings":1,"dungeons_and_combat:cobblestone_brick":1,"minecraft:iron_pickaxe":1,"minecraft:dark_oak_planks":1,"minecraft:iron_nugget":4,"dungeons_and_combat:forgotten_knight_chestplate":3,"dungeons_and_combat:forgotten_knight_helmet":2,"minecraft:rotten_flesh":17,"minecraft:glowstone_dust":3,"minecraft:golden_shovel":1,"minecraft:dark_oak_fence_gate":1,"sophisticatedbackpacks:diamond_backpack":1,"minecraft:chainmail_chestplate":2,"supplementaries:ash":7,"minecraft:acacia_sapling":10,"minecraft:ladder":2,"minecraft:bread":39,"minecraft:wheat_seeds":15,"minecraft:golden_horse_armor":1,"minecraft:iron_helmet":2,"dungeons_and_combat:counselor_chestplate":5,"pizzacraft:cucumber_seeds":2,"dungeons_and_combat:royal_steel_helmet":1,"minecraft:stick":4,"dungeons_and_combat:royal_steel_sword":1,"minecraft:smooth_red_sandstone":2,"scalinghealth:heart_crystal":5,"minecraft:melon_slice":38,"minecraft:map":1,"minecraft:potion":1,"dungeons_and_combat:royal_steel_boots":1,"minecraft:golden_hoe":1,"dungeons_and_combat:forgotten_knight_leggings":3,"minecraft:string":38,"minecraft:acacia_planks":55,"artifacts:bunny_hoppers":1,"minecraft:coarse_dirt":2,"minecraft:cobblestone_wall":2,"minecraft:composter":1,"minecraft:iron_boots":1,"dungeons_and_combat:royal_steel_chestplate":1,"minecraft:filled_map":1,"minecraft:sea_pickle":10,"mowziesmobs:umvuthana_mask_misery":2,"minecraft:oak_sapling":4,"minecraft:golden_sword":1,"minecraft:spider_eye":11,"pizzacraft:pineapple_seeds":2,"minecraft:bow":1,"minecraft:wooden_pickaxe":1}},"DataVersion":3465}