{"stats":{"minecraft:custom":{"minecraft:mob_kills":202,"minecraft:open_barrel":5,"minecraft:interact_with_crafting_table":7,"minecraft:interact_with_campfire":3,"minecraft:damage_dealt_resisted":135,"minecraft:leave_game":1,"minecraft:time_since_death":2313,"minecraft:climb_one_cm":23350,"minecraft:damage_resisted":1090,"minecraft:sprint_one_cm":41310,"minecraft:walk_one_cm":368875,"minecraft:damage_blocked_by_shield":1441,"minecraft:drop":44,"minecraft:play_time":125784,"minecraft:deaths":4,"minecraft:sneak_time":2391,"minecraft:walk_under_water_one_cm":22133,"minecraft:jump":1236,"minecraft:walk_on_water_one_cm":30476,"minecraft:total_world_time":125784,"minecraft:interact_with_furnace":1,"minecraft:sleep_in_bed":3,"minecraft:time_since_rest":2341,"minecraft:waystone_activated":1,"minecraft:damage_taken":7339,"minecraft:damage_dealt":29375,"minecraft:swim_one_cm":19705,"minecraft:fly_one_cm":135153,"minecraft:open_chest":29,"minecraft:crouch_one_cm":6846,"minecraft:fall_one_cm":43685},"minecraft:picked_up":{"iceandfire:dragon_skull_lightning":1,"minecraft:wheat":21,"dungeons_and_combat:royal_steel_helmet":4,"minecraft:ladder":10,"minecraft:golden_pickaxe":1,"artifacts:bunny_hoppers":1,"minecraft:golden_shovel":1,"gravestone:obituary":4,"minecraft:golden_sword":1,"minecraft:stripped_mangrove_log":1,"minecraft:string":2,"minecraft:red_bed":3,"dungeons_and_combat:counselor_leggings":10,"minecraft:item_frame":1,"dungeonnowloading:spawner_fragment":10,"minecraft:beef":3,"minecraft:light_gray_wool":7,"minecraft:melon_slice":102,"minecraft:sugar_cane":6,"dungeons_and_combat:royal_steel_boots":5,"minecraft:stick":2,"dungeons_and_combat:counselor_chestplate":13,"iceandfire:dragonbone":17,"dungeons_and_combat:royal_steel_leggings":8,"minecraft:composter":1,"iceandfire:deathworm_chitin_red":2,"minecraft:golden_axe":1,"dungeons_and_combat:royal_steel_chestplate":5,"dungeons_and_combat:cursed_steel_dagger":9,"dungeons_and_combat:royal_steel_sword":5,"mowziesmobs:umvuthana_mask_faith":2,"minecraft:arrow":16,"minecraft:rotten_flesh":3,"minecraft:golden_hoe":1,"minecraft:hay_block":31,"minecraft:feather":23,"minecraft:cooked_beef":3,"minecraft:oak_log":6,"minecraft:gunpowder":1,"scalinghealth:heart_crystal":13,"dungeons_and_combat:forgotten_knight_chestplate":1,"minecraft:dirt":5,"minecraft:lantern":1,"minecraft:white_banner":1,"pizzacraft:cucumber_seeds":2,"mowziesmobs:umvuthana_mask_rage":1,"minecraft:wheat_seeds":4,"pizzacraft:tomato":1,"scalinghealth:power_crystal_shard":18,"minecraft:glowstone_dust":2,"minecraft:acacia_sapling":10,"mowziesmobs:umvuthana_mask_misery":3,"minecraft:dark_oak_slab":3,"minecraft:pumpkin":1,"minecraft:stone_brick_slab":3,"dungeons_and_combat:forgotten_knight_leggings":1,"minecraft:dark_oak_log":2,"minecraft:spider_eye":2,"waystones:waystone":1,"minecraft:crossbow":1,"minecraft:bone_meal":1,"minecraft:emerald":8,"mowziesmobs:umvuthana_mask_fear":5,"minecraft:oak_sapling":2},"minecraft:killed":{"minecraft:witch":2,"minecraft:spider":2,"minecraft:vindicator":1,"dungeons_and_combat:prisoner_skull":5,"dungeons_and_combat:counselor_skull":84,"minecraft:skeleton":2,"unusualfishmod:ripper":3,"mowziesmobs:umvuthana_crane":2,"iceandfire:deathworm":1,"mowziesmobs:umvuthana":21,"dungeons_and_combat:royal_skull":61,"minecraft:pillager":14,"minecraft:zombie":2,"minecraft:cow":1},"minecraft:crafted":{"dungeons_and_combat:counselor_leggings":5,"minecraft:oak_planks":24,"dungeons_and_combat:royal_steel_leggings":5,"dungeons_and_combat:royal_steel_chestplate":3,"dungeons_and_combat:cursed_steel_dagger":6,"minecraft:iron_boots":1,"minecraft:dark_oak_planks":8,"scalinghealth:power_crystal":2,"minecraft:wheat":279,"minecraft:crafting_table":2,"dungeons_and_combat:counselor_chestplate":6,"minecraft:iron_sword":1,"minecraft:mangrove_planks":4,"minecraft:bread":103,"dungeons_and_combat:royal_steel_sword":1,"minecraft:dark_oak_slab":6,"minecraft:shield":1,"minecraft:stick":4,"dungeons_and_combat:royal_steel_boots":3,"dungeons_and_combat:royal_steel_helmet":3},"minecraft:killed_by":{"mowziesmobs:umvuthi":1},"minecraft:used":{"dungeons_and_combat:royal_steel_sword":24,"dungeons_and_combat:broken_sword":156,"minecraft:ladder":10,"minecraft:shield":26,"minecraft:iron_sword":249,"minecraft:dirt":4,"scalinghealth:heart_crystal":13,"minecraft:stone_brick_slab":3,"minecraft:iron_helmet":1,"minecraft:dark_oak_slab":9,"scalinghealth:power_crystal":2,"pizzacraft:tomato":1,"minecraft:item_frame":1,"minecraft:goat_horn":4,"minecraft:cooked_beef":3,"minecraft:pumpkin":1,"minecraft:golden_axe":26,"minecraft:oak_planks":12,"minecraft:mangrove_planks":4,"dungeons_and_combat:cobblestone_brick":7,"iceandfire:dragon_skull_lightning":1,"dungeons_and_combat:cursed_steel_dagger":806,"minecraft:crafting_table":2,"minecraft:red_bed":2,"minecraft:crossbow":10,"dungeons_and_combat:broken_shield":18,"minecraft:apple":15,"minecraft:melon_slice":2,"minecraft:bread":26,"minecraft:white_banner":1,"minecraft:cooked_porkchop":3,"minecraft:golden_pickaxe":6,"minecraft:chainmail_leggings":1},"minecraft:broken":{"mowziesmobs:umvuthana_mask_fear":1,"mowziesmobs:umvuthana_mask_faith":1,"dungeons_and_combat:royal_steel_sword":3,"dungeons_and_combat:broken_shield":1,"dungeons_and_combat:broken_sword":1,"dungeons_and_combat:cursed_steel_dagger":2,"dungeons_and_combat:forgotten_knight_boots":1,"minecraft:golden_axe":1,"minecraft:iron_sword":1},"minecraft:mined":{"biomesoplenty:desert_grass":1,"gravestone:gravestone":4,"minecraft:ladder":10,"minecraft:grass_block":3,"minecraft:composter":1,"minecraft:spawner":2,"minecraft:hay_block":31,"minecraft:vine":1,"lucky:lucky_block":3,"minecraft:red_bed":2,"minecraft:stone_brick_slab":3,"minecraft:melon":17,"minecraft:dead_bush":1,"minecraft:tall_grass":8,"minecraft:sugar_cane":4,"minecraft:dark_oak_slab":3,"minecraft:light_gray_wool":6,"minecraft:grass":26,"minecraft:oak_log":6,"minecraft:dirt":1,"minecraft:oak_leaves":8,"minecraft:fern":1},"minecraft:dropped":{"minecraft:bread":39,"minecraft:wheat_seeds":2,"minecraft:golden_pickaxe":1,"minecraft:crossbow":1,"dungeons_and_combat:counselor_chestplate":3,"pizzacraft:cucumber_seeds":2,"minecraft:red_bed":1,"minecraft:melon_slice":38,"minecraft:map":1,"minecraft:potion":1,"gravestone:obituary":6,"minecraft:bone_meal":1,"minecraft:golden_hoe":1,"dungeons_and_combat:forgotten_knight_leggings":2,"minecraft:dark_oak_planks":1,"artifacts:bunny_hoppers":1,"dungeons_and_combat:forgotten_knight_chestplate":2,"minecraft:composter":1,"minecraft:rotten_flesh":3,"minecraft:glowstone_dust":3,"minecraft:golden_shovel":1,"minecraft:filled_map":1,"mowziesmobs:umvuthana_mask_misery":2,"minecraft:oak_sapling":2,"minecraft:acacia_sapling":10,"minecraft:golden_sword":1,"minecraft:spider_eye":2}},"DataVersion":3465}