{"stats":{"minecraft:custom":{"minecraft:interact_with_furnace":1,"minecraft:mob_kills":56,"minecraft:interact_with_crafting_table":4,"minecraft:open_barrel":5,"minecraft:interact_with_campfire":3,"minecraft:damage_dealt_resisted":135,"minecraft:leave_game":1,"minecraft:time_since_death":2613,"minecraft:sleep_in_bed":3,"minecraft:climb_one_cm":20293,"minecraft:damage_resisted":955,"minecraft:time_since_rest":2635,"minecraft:waystone_activated":1,"minecraft:sprint_one_cm":38873,"minecraft:damage_taken":4751,"minecraft:walk_one_cm":307242,"minecraft:damage_blocked_by_shield":1441,"minecraft:drop":34,"minecraft:damage_dealt":9170,"minecraft:swim_one_cm":19705,"minecraft:fly_one_cm":131253,"minecraft:open_chest":28,"minecraft:crouch_one_cm":1676,"minecraft:play_time":89784,"minecraft:deaths":3,"minecraft:sneak_time":1388,"minecraft:walk_under_water_one_cm":21126,"minecraft:jump":1141,"minecraft:walk_on_water_one_cm":29757,"minecraft:total_world_time":89784,"minecraft:fall_one_cm":37765},"minecraft:picked_up":{"iceandfire:dragon_skull_lightning":1,"minecraft:wheat":21,"minecraft:feather":22,"minecraft:cooked_beef":3,"minecraft:ladder":10,"minecraft:golden_pickaxe":1,"artifacts:bunny_hoppers":1,"minecraft:golden_shovel":1,"minecraft:oak_log":6,"gravestone:obituary":2,"dungeons_and_combat:forgotten_knight_chestplate":1,"minecraft:lantern":1,"minecraft:golden_sword":1,"minecraft:gunpowder":1,"minecraft:stripped_mangrove_log":1,"scalinghealth:heart_crystal":2,"minecraft:red_bed":3,"minecraft:dirt":3,"minecraft:string":2,"minecraft:white_banner":1,"minecraft:item_frame":1,"pizzacraft:cucumber_seeds":2,"dungeonnowloading:spawner_fragment":6,"mowziesmobs:umvuthana_mask_rage":1,"minecraft:wheat_seeds":4,"minecraft:beef":3,"pizzacraft:tomato":1,"scalinghealth:power_crystal_shard":18,"minecraft:light_gray_wool":7,"minecraft:melon_slice":102,"minecraft:sugar_cane":6,"mowziesmobs:umvuthana_mask_misery":3,"minecraft:acacia_sapling":10,"minecraft:stick":2,"iceandfire:dragonbone":17,"minecraft:pumpkin":1,"minecraft:composter":1,"dungeons_and_combat:forgotten_knight_leggings":1,"minecraft:golden_axe":1,"minecraft:dark_oak_log":2,"minecraft:spider_eye":2,"mowziesmobs:umvuthana_mask_faith":2,"minecraft:rotten_flesh":1,"minecraft:arrow":16,"minecraft:golden_hoe":1,"waystones:waystone":1,"minecraft:hay_block":31,"minecraft:crossbow":1,"minecraft:bone_meal":1,"minecraft:emerald":8,"mowziesmobs:umvuthana_mask_fear":5,"minecraft:oak_sapling":2},"minecraft:killed":{"minecraft:witch":2,"minecraft:vindicator":1,"minecraft:spider":2,"dungeons_and_combat:royal_skull":1,"dungeons_and_combat:prisoner_skull":5,"minecraft:skeleton":1,"minecraft:pillager":14,"minecraft:zombie":2,"unusualfishmod:ripper":3,"mowziesmobs:umvuthana_crane":2,"mowziesmobs:umvuthana":21,"minecraft:cow":1},"minecraft:crafted":{"minecraft:oak_planks":24,"minecraft:crafting_table":1,"minecraft:iron_sword":1,"minecraft:mangrove_planks":4,"minecraft:iron_boots":1,"minecraft:shield":1,"minecraft:stick":4,"scalinghealth:power_crystal":2},"minecraft:killed_by":{"mowziesmobs:umvuthi":1},"minecraft:used":{"dungeons_and_combat:broken_sword":124,"minecraft:mangrove_planks":4,"minecraft:ladder":10,"minecraft:oak_planks":12,"minecraft:shield":26,"minecraft:iron_sword":56,"iceandfire:dragon_skull_lightning":1,"minecraft:dirt":3,"scalinghealth:heart_crystal":2,"minecraft:crafting_table":1,"minecraft:red_bed":2,"minecraft:crossbow":10,"dungeons_and_combat:broken_shield":18,"minecraft:apple":14,"minecraft:bread":19,"minecraft:melon_slice":2,"scalinghealth:power_crystal":2,"minecraft:item_frame":1,"pizzacraft:tomato":1,"minecraft:white_banner":1,"minecraft:goat_horn":4,"minecraft:cooked_porkchop":3,"minecraft:cooked_beef":3,"minecraft:golden_pickaxe":3,"minecraft:pumpkin":1,"minecraft:golden_axe":20,"minecraft:chainmail_leggings":1},"minecraft:broken":{"mowziesmobs:umvuthana_mask_fear":1,"dungeons_and_combat:forgotten_knight_boots":1,"dungeons_and_combat:broken_shield":1},"minecraft:mined":{"minecraft:red_bed":2,"biomesoplenty:desert_grass":1,"minecraft:ladder":10,"gravestone:gravestone":3,"minecraft:grass_block":3,"minecraft:melon":17,"minecraft:dead_bush":1,"minecraft:tall_grass":8,"minecraft:sugar_cane":4,"minecraft:composter":1,"minecraft:spawner":2,"minecraft:hay_block":31,"minecraft:light_gray_wool":6,"minecraft:grass":24,"minecraft:oak_log":6,"minecraft:vine":1,"lucky:lucky_block":3,"minecraft:oak_leaves":8,"minecraft:fern":1},"minecraft:dropped":{"minecraft:wheat_seeds":2,"dungeons_and_combat:forgotten_knight_chestplate":2,"minecraft:golden_pickaxe":1,"minecraft:crossbow":1,"minecraft:composter":1,"minecraft:rotten_flesh":1,"pizzacraft:cucumber_seeds":2,"minecraft:golden_shovel":1,"minecraft:filled_map":1,"minecraft:red_bed":1,"mowziesmobs:umvuthana_mask_misery":2,"minecraft:melon_slice":38,"minecraft:map":1,"minecraft:acacia_sapling":10,"minecraft:oak_sapling":2,"minecraft:potion":1,"minecraft:golden_sword":1,"gravestone:obituary":5,"minecraft:bone_meal":1,"minecraft:spider_eye":2,"minecraft:golden_hoe":1,"dungeons_and_combat:forgotten_knight_leggings":2,"artifacts:bunny_hoppers":1}},"DataVersion":3465}