{"stats":{"minecraft:picked_up":{"minecraft:stick":2,"minecraft:cooked_beef":3,"minecraft:pumpkin":1,"minecraft:golden_pickaxe":1,"minecraft:golden_shovel":1,"minecraft:golden_axe":1,"minecraft:oak_log":6,"minecraft:golden_sword":1,"minecraft:dirt":2,"minecraft:arrow":7,"pizzacraft:cucumber_seeds":2,"minecraft:wheat_seeds":1,"minecraft:golden_hoe":1,"pizzacraft:tomato":1,"minecraft:beef":3,"scalinghealth:power_crystal_shard":9,"minecraft:emerald":2,"minecraft:oak_sapling":2,"minecraft:sugar_cane":6},"minecraft:custom":{"minecraft:time_since_rest":29784,"minecraft:sprint_one_cm":2639,"minecraft:damage_taken":672,"minecraft:walk_one_cm":56371,"minecraft:damage_blocked_by_shield":360,"minecraft:mob_kills":7,"minecraft:drop":9,"minecraft:damage_dealt":1485,"minecraft:interact_with_crafting_table":1,"minecraft:swim_one_cm":4189,"minecraft:fly_one_cm":4619,"minecraft:open_chest":5,"minecraft:crouch_one_cm":140,"minecraft:play_time":29784,"minecraft:interact_with_campfire":3,"minecraft:sneak_time":772,"minecraft:walk_under_water_one_cm":12562,"minecraft:jump":199,"minecraft:leave_game":1,"minecraft:time_since_death":29784,"minecraft:walk_on_water_one_cm":6681,"minecraft:climb_one_cm":1221,"minecraft:total_world_time":29784,"minecraft:fall_one_cm":7585},"minecraft:killed":{"minecraft:pillager":4,"unusualfishmod:ripper":1,"minecraft:vindicator":1,"minecraft:cow":1},"minecraft:crafted":{"scalinghealth:power_crystal":1},"minecraft:used":{"dungeons_and_combat:broken_shield":6,"minecraft:apple":3,"dungeons_and_combat:broken_sword":31,"scalinghealth:power_crystal":1,"pizzacraft:tomato":1,"minecraft:cooked_beef":3,"minecraft:pumpkin":1},"minecraft:mined":{"biomesoplenty:desert_grass":1,"minecraft:grass":14,"minecraft:grass_block":2,"minecraft:oak_log":6,"minecraft:dead_bush":1,"minecraft:tall_grass":6,"lucky:lucky_block":2,"minecraft:sugar_cane":4,"minecraft:oak_leaves":4,"minecraft:fern":1},"minecraft:dropped":{"minecraft:wheat_seeds":1,"minecraft:golden_pickaxe":1,"minecraft:oak_sapling":2,"minecraft:golden_sword":1,"minecraft:golden_hoe":1,"pizzacraft:cucumber_seeds":2,"minecraft:golden_shovel":1}},"DataVersion":3465}