{"stats":{"minecraft:custom":{"minecraft:mob_kills":349,"minecraft:interact_with_crafting_table":12,"minecraft:open_barrel":9,"minecraft:interact_with_campfire":3,"minecraft:damage_dealt_resisted":135,"minecraft:leave_game":2,"minecraft:time_since_death":56002,"minecraft:climb_one_cm":29897,"minecraft:damage_resisted":1406,"minecraft:sprint_one_cm":50193,"minecraft:walk_one_cm":525947,"minecraft:damage_blocked_by_shield":1992,"minecraft:drop":138,"minecraft:play_time":179473,"minecraft:deaths":4,"minecraft:sneak_time":6618,"minecraft:walk_under_water_one_cm":24591,"minecraft:interact_with_lectern":2,"minecraft:jump":1610,"minecraft:walk_on_water_one_cm":33130,"minecraft:total_world_time":179473,"minecraft:interact_with_furnace":1,"minecraft:sleep_in_bed":3,"minecraft:time_since_rest":56030,"minecraft:waystone_activated":1,"minecraft:damage_taken":11188,"minecraft:damage_dealt":45709,"minecraft:swim_one_cm":19705,"minecraft:fly_one_cm":156881,"minecraft:open_chest":38,"minecraft:crouch_one_cm":21641,"minecraft:fall_one_cm":53412},"minecraft:picked_up":{"minecraft:charcoal":2,"iceandfire:dragon_skull_lightning":1,"minecraft:coarse_dirt":3,"minecraft:wheat":21,"dungeons_and_combat:royal_steel_helmet":9,"minecraft:ladder":10,"minecraft:golden_pickaxe":1,"artifacts:bunny_hoppers":1,"minecraft:oak_stairs":2,"minecraft:golden_shovel":1,"minecraft:stone_brick_stairs":3,"gravestone:obituary":7,"minecraft:golden_sword":1,"minecraft:stripped_mangrove_log":1,"minecraft:string":44,"minecraft:red_bed":3,"dungeons_and_combat:counselor_leggings":16,"minecraft:item_frame":1,"dungeonnowloading:spawner_fragment":13,"minecraft:sea_pickle":10,"minecraft:cracked_stone_bricks":5,"minecraft:beef":3,"dungeons_and_combat:estus_flask":1,"minecraft:light_gray_wool":14,"minecraft:melon_slice":102,"minecraft:sugar_cane":13,"pizzacraft:corn":2,"dungeons_and_combat:royal_steel_boots":9,"dungeons_and_combat:counselor_chestplate":19,"minecraft:stick":2,"iceandfire:dragonbone":17,"dungeons_and_combat:royal_steel_leggings":11,"minecraft:composter":1,"iceandfire:deathworm_chitin_red":2,"minecraft:torch":2,"minecraft:golden_axe":1,"dungeons_and_combat:royal_steel_chestplate":10,"dungeons_and_combat:cursed_steel_dagger":14,"dungeons_and_combat:royal_steel_sword":14,"mowziesmobs:umvuthana_mask_faith":2,"minecraft:mangrove_stairs":1,"minecraft:arrow":16,"minecraft:rotten_flesh":3,"minecraft:golden_hoe":1,"minecraft:hay_block":31,"dungeons_and_combat:cobblestone_brick":8,"minecraft:feather":32,"minecraft:cooked_beef":3,"minecraft:packed_mud":2,"minecraft:chainmail_chestplate":1,"minecraft:oak_log":11,"scalinghealth:bandages":6,"minecraft:cobblestone_wall":4,"minecraft:gunpowder":1,"scalinghealth:heart_crystal":23,"dungeons_and_combat:forgotten_knight_chestplate":2,"dungeons_and_combat:cobblestone_brick_mossy":7,"minecraft:dirt":5,"minecraft:lantern":1,"minecraft:white_banner":1,"pizzacraft:cucumber_seeds":2,"mowziesmobs:umvuthana_mask_rage":1,"minecraft:wheat_seeds":6,"minecraft:spruce_wood":4,"minecraft:iron_ingot":1,"pizzacraft:tomato":1,"scalinghealth:power_crystal_shard":27,"dungeons_and_combat:cobblestone_brick_stairs":2,"minecraft:glowstone_dust":2,"minecraft:moss_block":3,"minecraft:oak_planks":2,"mowziesmobs:umvuthana_mask_misery":3,"minecraft:acacia_sapling":10,"scalinghealth:heart_crystal_shard":14,"minecraft:dark_oak_slab":3,"minecraft:pumpkin":1,"minecraft:stone_brick_slab":4,"dungeons_and_combat:forgotten_knight_leggings":2,"minecraft:dark_oak_log":2,"minecraft:spider_eye":11,"dungeons_and_combat:forgotten_knight_helmet":1,"waystones:waystone":1,"minecraft:iron_helmet":1,"minecraft:crossbow":1,"minecraft:bone_meal":1,"minecraft:emerald":8,"mowziesmobs:umvuthana_mask_fear":5,"minecraft:oak_sapling":4},"minecraft:killed":{"minecraft:cave_spider":17,"minecraft:witch":2,"minecraft:vindicator":1,"minecraft:spider":14,"dungeons_and_combat:prisoner_skull":5,"dungeons_and_combat:counselor_skull":131,"minecraft:skeleton":4,"unusualfishmod:ripper":3,"mowziesmobs:umvuthana_crane":2,"minecraft:silverfish":4,"iceandfire:deathworm":1,"mowziesmobs:umvuthana":21,"dungeons_and_combat:royal_skull":113,"minecraft:pillager":14,"minecraft:zombie":4,"minecraft:cow":1,"minecraft:enderman":1},"minecraft:crafted":{"dungeons_and_combat:counselor_leggings":13,"minecraft:oak_planks":44,"dungeons_and_combat:royal_steel_leggings":7,"dungeons_and_combat:royal_steel_chestplate":6,"dungeons_and_combat:cursed_steel_dagger":8,"minecraft:oak_trapdoor":2,"minecraft:iron_boots":1,"dungeons_and_combat:wooden_shield":1,"minecraft:dark_oak_planks":8,"scalinghealth:power_crystal":3,"minecraft:wheat":279,"minecraft:crafting_table":2,"dungeons_and_combat:counselor_chestplate":11,"minecraft:spruce_planks":16,"minecraft:wooden_pickaxe":1,"minecraft:iron_sword":1,"scalinghealth:heart_crystal":1,"minecraft:mangrove_planks":4,"minecraft:bread":103,"dungeons_and_combat:royal_steel_sword":7,"minecraft:dark_oak_slab":6,"minecraft:shield":1,"minecraft:stick":8,"dungeons_and_combat:royal_steel_boots":6,"minecraft:torch":20,"dungeons_and_combat:royal_steel_helmet":6},"minecraft:killed_by":{"mowziesmobs:umvuthi":1},"minecraft:used":{"minecraft:moss_block":2,"minecraft:oak_trapdoor":2,"dungeons_and_combat:royal_steel_sword":437,"dungeons_and_combat:broken_sword":156,"minecraft:ladder":10,"minecraft:spruce_planks":15,"minecraft:shield":58,"minecraft:iron_sword":249,"minecraft:vex_spawn_egg":5,"dungeons_and_combat:cobblestone_brick_stairs":2,"minecraft:torch":8,"minecraft:dirt":5,"scalinghealth:heart_crystal":20,"pizzacraft:corn":3,"minecraft:cobblestone_wall":2,"minecraft:stone_brick_slab":4,"minecraft:mangrove_stairs":1,"minecraft:oak_stairs":2,"minecraft:packed_mud":2,"minecraft:iron_helmet":1,"minecraft:dark_oak_slab":9,"scalinghealth:power_crystal":3,"minecraft:stone_brick_stairs":3,"pizzacraft:tomato":1,"minecraft:item_frame":1,"minecraft:goat_horn":4,"minecraft:cooked_beef":3,"minecraft:pumpkin":1,"minecraft:golden_axe":26,"minecraft:mangrove_planks":4,"minecraft:oak_planks":18,"minecraft:wooden_pickaxe":7,"dungeons_and_combat:cobblestone_brick":14,"iceandfire:dragon_skull_lightning":1,"minecraft:cracked_stone_bricks":5,"dungeons_and_combat:cursed_steel_dagger":951,"minecraft:sand":18,"minecraft:crafting_table":2,"minecraft:red_bed":2,"minecraft:crossbow":15,"dungeons_and_combat:broken_shield":18,"minecraft:apple":15,"dungeons_and_combat:cobblestone_brick_mossy":7,"minecraft:melon_slice":2,"minecraft:bread":41,"minecraft:string":2,"minecraft:white_banner":1,"minecraft:cooked_porkchop":3,"minecraft:coarse_dirt":1,"minecraft:golden_pickaxe":32,"minecraft:chainmail_leggings":1},"minecraft:broken":{"mowziesmobs:umvuthana_mask_fear":1,"mowziesmobs:umvuthana_mask_faith":1,"dungeons_and_combat:royal_steel_helmet":1,"minecraft:chainmail_leggings":1,"dungeons_and_combat:royal_steel_sword":3,"dungeons_and_combat:broken_shield":1,"dungeons_and_combat:broken_sword":1,"dungeons_and_combat:cursed_steel_dagger":4,"dungeons_and_combat:forgotten_knight_boots":1,"minecraft:golden_axe":1,"minecraft:iron_sword":1,"minecraft:golden_pickaxe":1},"minecraft:mined":{"dungeons_and_combat:cobblestone_brick":8,"biomesoplenty:desert_grass":1,"minecraft:ladder":10,"gravestone:gravestone":4,"minecraft:grass_block":3,"minecraft:moss_block":3,"minecraft:composter":1,"minecraft:spawner":2,"minecraft:large_fern":2,"minecraft:hay_block":31,"minecraft:packed_mud":2,"minecraft:vine":2,"minecraft:oak_stairs":2,"minecraft:spruce_wood":4,"lucky:lucky_block":3,"dungeons_and_combat:cobblestone_brick_stairs":2,"minecraft:tripwire":1,"minecraft:mangrove_stairs":1,"minecraft:red_bed":2,"minecraft:stone_brick_slab":4,"minecraft:melon":17,"dungeons_and_combat:cobblestone_brick_mossy":7,"minecraft:dead_bush":1,"minecraft:tall_grass":12,"minecraft:sugar_cane":4,"minecraft:coarse_dirt":2,"minecraft:dark_oak_slab":3,"minecraft:cobblestone_wall":2,"minecraft:sea_pickle":2,"minecraft:light_gray_wool":6,"minecraft:stone_brick_stairs":3,"minecraft:grass":31,"minecraft:oak_log":11,"minecraft:dirt":1,"minecraft:cobweb":1,"minecraft:cracked_stone_bricks":5,"minecraft:oak_leaves":11,"minecraft:fern":5},"minecraft:dropped":{"minecraft:bread":39,"minecraft:moss_block":1,"minecraft:wheat_seeds":4,"minecraft:golden_pickaxe":1,"minecraft:crossbow":1,"minecraft:iron_helmet":2,"dungeons_and_combat:counselor_chestplate":4,"dungeons_and_combat:counselor_leggings":1,"pizzacraft:cucumber_seeds":2,"pizzacraft:corn":1,"dungeons_and_combat:royal_steel_helmet":1,"dungeons_and_combat:royal_steel_sword":1,"minecraft:red_bed":1,"scalinghealth:heart_crystal":4,"minecraft:melon_slice":38,"minecraft:map":1,"minecraft:potion":1,"dungeons_and_combat:royal_steel_boots":1,"gravestone:obituary":11,"minecraft:bone_meal":1,"dungeons_and_combat:royal_steel_leggings":1,"minecraft:golden_hoe":1,"dungeons_and_combat:cobblestone_brick":1,"minecraft:string":38,"dungeons_and_combat:forgotten_knight_leggings":3,"minecraft:dark_oak_planks":1,"artifacts:bunny_hoppers":1,"minecraft:coarse_dirt":2,"minecraft:cobblestone_wall":2,"dungeons_and_combat:forgotten_knight_chestplate":3,"dungeons_and_combat:forgotten_knight_helmet":2,"minecraft:composter":1,"minecraft:rotten_flesh":3,"minecraft:iron_boots":1,"minecraft:glowstone_dust":3,"minecraft:golden_shovel":1,"dungeons_and_combat:royal_steel_chestplate":1,"minecraft:chainmail_chestplate":2,"minecraft:filled_map":1,"minecraft:sea_pickle":10,"mowziesmobs:umvuthana_mask_misery":2,"minecraft:acacia_sapling":10,"minecraft:oak_sapling":4,"minecraft:golden_sword":1,"minecraft:spider_eye":11,"minecraft:wooden_pickaxe":1}},"DataVersion":3465}