{"stats":{"minecraft:custom":{"minecraft:interact_with_furnace":1,"minecraft:mob_kills":36,"minecraft:interact_with_crafting_table":1,"minecraft:open_barrel":5,"minecraft:interact_with_campfire":3,"minecraft:damage_dealt_resisted":57,"minecraft:leave_game":1,"minecraft:time_since_death":17048,"minecraft:sleep_in_bed":2,"minecraft:climb_one_cm":2551,"minecraft:damage_resisted":569,"minecraft:time_since_rest":9422,"minecraft:sprint_one_cm":25314,"minecraft:damage_taken":2781,"minecraft:walk_one_cm":227469,"minecraft:damage_blocked_by_shield":1020,"minecraft:drop":22,"minecraft:damage_dealt":6234,"minecraft:swim_one_cm":4189,"minecraft:fly_one_cm":101417,"minecraft:open_chest":24,"minecraft:crouch_one_cm":1013,"minecraft:play_time":65784,"minecraft:deaths":1,"minecraft:sneak_time":1145,"minecraft:walk_under_water_one_cm":13764,"minecraft:jump":804,"minecraft:walk_on_water_one_cm":9541,"minecraft:total_world_time":65784,"minecraft:fall_one_cm":27159},"minecraft:picked_up":{"iceandfire:dragon_skull_lightning":1,"minecraft:wheat":21,"minecraft:feather":17,"minecraft:cooked_beef":3,"minecraft:golden_pickaxe":1,"minecraft:golden_shovel":1,"minecraft:oak_log":6,"minecraft:golden_sword":1,"minecraft:gunpowder":1,"minecraft:stripped_mangrove_log":1,"scalinghealth:heart_crystal":2,"minecraft:dirt":3,"minecraft:string":2,"minecraft:white_banner":1,"minecraft:item_frame":1,"pizzacraft:cucumber_seeds":2,"mowziesmobs:umvuthana_mask_rage":1,"minecraft:wheat_seeds":3,"minecraft:beef":3,"pizzacraft:tomato":1,"scalinghealth:power_crystal_shard":18,"minecraft:light_gray_wool":7,"minecraft:melon_slice":102,"minecraft:sugar_cane":6,"mowziesmobs:umvuthana_mask_misery":2,"minecraft:acacia_sapling":10,"minecraft:stick":2,"iceandfire:dragonbone":17,"minecraft:pumpkin":1,"minecraft:composter":1,"minecraft:golden_axe":1,"minecraft:dark_oak_log":2,"minecraft:spider_eye":2,"mowziesmobs:umvuthana_mask_faith":2,"minecraft:rotten_flesh":1,"minecraft:arrow":16,"minecraft:golden_hoe":1,"minecraft:hay_block":31,"minecraft:crossbow":1,"minecraft:emerald":8,"mowziesmobs:umvuthana_mask_fear":5,"minecraft:oak_sapling":2},"minecraft:killed":{"minecraft:witch":2,"minecraft:vindicator":1,"minecraft:spider":2,"minecraft:skeleton":1,"minecraft:pillager":14,"minecraft:zombie":1,"unusualfishmod:ripper":1,"mowziesmobs:umvuthana_crane":1,"mowziesmobs:umvuthana":11,"minecraft:cow":1},"minecraft:crafted":{"scalinghealth:power_crystal":1},"minecraft:used":{"dungeons_and_combat:broken_sword":113,"iceandfire:dragon_skull_lightning":1,"minecraft:dirt":3,"scalinghealth:heart_crystal":2,"minecraft:crossbow":10,"dungeons_and_combat:broken_shield":18,"minecraft:apple":8,"minecraft:bread":13,"minecraft:melon_slice":2,"scalinghealth:power_crystal":1,"pizzacraft:tomato":1,"minecraft:white_banner":1,"minecraft:goat_horn":4,"minecraft:cooked_beef":3,"minecraft:pumpkin":1,"minecraft:golden_axe":18,"minecraft:chainmail_leggings":1},"minecraft:broken":{"dungeons_and_combat:forgotten_knight_boots":1,"dungeons_and_combat:broken_shield":1},"minecraft:mined":{"biomesoplenty:desert_grass":1,"gravestone:gravestone":1,"minecraft:grass_block":3,"minecraft:melon":17,"minecraft:dead_bush":1,"minecraft:tall_grass":8,"minecraft:sugar_cane":4,"minecraft:composter":1,"minecraft:hay_block":31,"minecraft:light_gray_wool":6,"minecraft:grass":19,"minecraft:oak_log":6,"minecraft:vine":1,"lucky:lucky_block":3,"minecraft:oak_leaves":4,"minecraft:fern":1},"minecraft:dropped":{"minecraft:wheat_seeds":2,"minecraft:golden_pickaxe":1,"minecraft:crossbow":1,"minecraft:composter":1,"minecraft:rotten_flesh":1,"pizzacraft:cucumber_seeds":2,"minecraft:golden_shovel":1,"minecraft:filled_map":1,"mowziesmobs:umvuthana_mask_misery":2,"minecraft:melon_slice":38,"minecraft:acacia_sapling":10,"minecraft:oak_sapling":2,"minecraft:potion":1,"minecraft:golden_sword":1,"gravestone:obituary":1,"minecraft:spider_eye":2,"minecraft:golden_hoe":1}},"DataVersion":3465}