{"stats":{"minecraft:custom":{"minecraft:mob_kills":36,"minecraft:interact_with_crafting_table":1,"minecraft:open_barrel":4,"minecraft:bell_ring":1,"minecraft:damage_dealt_resisted":31,"minecraft:time_since_death":37713,"minecraft:sleep_in_bed":2,"minecraft:damage_resisted":922,"minecraft:climb_one_cm":14195,"minecraft:time_since_rest":37743,"minecraft:sprint_one_cm":14676,"minecraft:damage_taken":4115,"minecraft:walk_one_cm":417352,"minecraft:drop":38,"minecraft:damage_dealt":7526,"minecraft:swim_one_cm":4205,"minecraft:talked_to_villager":1,"minecraft:fly_one_cm":26280,"minecraft:open_chest":19,"minecraft:crouch_one_cm":173,"minecraft:play_time":148833,"minecraft:deaths":4,"minecraft:sneak_time":96,"minecraft:walk_under_water_one_cm":11722,"minecraft:jump":950,"minecraft:walk_on_water_one_cm":19249,"minecraft:total_world_time":148833,"minecraft:fall_one_cm":33727},"minecraft:picked_up":{"iceandfire:dragon_skull_lightning":2,"minecraft:charcoal":2,"minecraft:feather":9,"dungeons_and_combat:royal_steel_helmet":1,"minecraft:ladder":2,"artifacts:bunny_hoppers":1,"minecraft:wooden_pickaxe":1,"minecraft:filled_map":1,"minecraft:golden_shovel":1,"minecraft:potion":1,"gravestone:obituary":3,"minecraft:golden_sword":1,"scalinghealth:heart_crystal":6,"dungeons_and_combat:forgotten_knight_chestplate":1,"minecraft:dirt":1,"dungeons_and_combat:counselor_leggings":3,"dungeonnowloading:spawner_fragment":6,"minecraft:wheat_seeds":8,"minecraft:light_gray_wool":7,"minecraft:glowstone_dust":1,"minecraft:melon_slice":38,"minecraft:chest":1,"mowziesmobs:umvuthana_mask_misery":2,"dungeons_and_combat:royal_steel_boots":1,"dungeons_and_combat:counselor_chestplate":4,"iceandfire:dragonbone":1,"dungeons_and_combat:royal_steel_leggings":1,"minecraft:pumpkin":2,"dungeons_and_combat:forgotten_knight_leggings":1,"dungeons_and_combat:royal_steel_chestplate":2,"dungeons_and_combat:cursed_steel_dagger":4,"dungeons_and_combat:royal_steel_sword":1,"mowziesmobs:umvuthana_mask_faith":1,"minecraft:arrow":3,"minecraft:golden_hoe":1,"minecraft:crossbow":1,"mowziesmobs:umvuthana_mask_bliss":1,"minecraft:saddle":2,"minecraft:bread":39,"minecraft:emerald":3,"minecraft:oak_sapling":2},"minecraft:killed":{"crittersandcompanions:leaf_insect":1,"dungeons_and_combat:royal_skull":6,"dungeons_and_combat:counselor_skull":15,"minecraft:pillager":2,"mowziesmobs:umvuthana_crane":7,"mowziesmobs:umvuthana":5},"minecraft:used":{"dungeons_and_combat:royal_steel_sword":81,"dungeons_and_combat:broken_sword":169,"minecraft:chest":1,"minecraft:wooden_pickaxe":1,"minecraft:golden_hoe":16,"dungeons_and_combat:cursed_steel_dagger":36,"farmersdelight:onion":5,"minecraft:dirt":1,"scalinghealth:heart_crystal":6,"minecraft:carrot":4,"minecraft:golden_shovel":19,"minecraft:bread":3,"minecraft:melon_slice":57,"minecraft:golden_sword":32,"alexsmobs:animal_dictionary":2,"minecraft:potato":4,"minecraft:pumpkin":1},"minecraft:broken":{"dungeons_and_combat:cursed_steel_dagger":3,"minecraft:golden_hoe":1,"dungeons_and_combat:forgotten_knight_boots":1,"minecraft:golden_sword":1,"dungeons_and_combat:forgotten_knight_leggings":1,"minecraft:golden_shovel":1,"dungeons_and_combat:broken_sword":1,"dungeons_and_combat:forgotten_knight_chestplate":1},"minecraft:mined":{"biomesoplenty:desert_grass":2,"gravestone:gravestone":4,"minecraft:ladder":2,"minecraft:grass_block":4,"minecraft:chest":1,"minecraft:campfire":1,"minecraft:spawner":1,"minecraft:light_gray_wool":10,"minecraft:pumpkin":2,"minecraft:grass":19,"lucky:lucky_block":1},"minecraft:dropped":{"minecraft:sugar_cane":7,"minecraft:wheat_seeds":8,"dungeons_and_combat:forgotten_knight_chestplate":1,"dungeons_and_combat:forgotten_knight_helmet":1,"minecraft:wheat":21,"minecraft:feather":9,"minecraft:crossbow":1,"minecraft:iron_helmet":1,"minecraft:light_gray_wool":7,"dungeons_and_combat:counselor_leggings":2,"dungeons_and_combat:counselor_chestplate":4,"minecraft:dark_oak_log":2,"mowziesmobs:umvuthana_mask_misery":1,"minecraft:charcoal":2,"minecraft:oak_sapling":2,"minecraft:acacia_sapling":10,"minecraft:ladder":2,"dungeons_and_combat:estus_flask":1,"gravestone:obituary":7,"minecraft:pumpkin":1,"dungeons_and_combat:forgotten_knight_leggings":1}},"DataVersion":3465}