{"stats":{"minecraft:picked_up":{"iceandfire:dragon_skull_lightning":2,"minecraft:charcoal":2,"dungeons_and_combat:royal_steel_helmet":1,"unusualprehistory:amber_shard":2,"minecraft:splash_potion":4,"iceandfire:witherbone":3,"minecraft:ladder":4,"minecraft:leather_leggings":1,"artifacts:bunny_hoppers":1,"minecraft:wooden_pickaxe":1,"minecraft:gold_block":1,"minecraft:potion":4,"minecraft:golden_shovel":1,"minecraft:stone_brick_stairs":2,"gravestone:obituary":10,"minecraft:golden_sword":1,"minecraft:stripped_mangrove_log":5,"minecraft:string":4,"dungeons_and_combat:counselor_leggings":3,"dungeonnowloading:spawner_fragment":9,"minecraft:smooth_red_sandstone_slab":1,"minecraft:red_sand":1,"minecraft:dark_prismarine_stairs":5,"minecraft:iron_nugget":63,"minecraft:iron_pickaxe":3,"minecraft:light_gray_wool":7,"minecraft:melon_slice":38,"minecraft:chest":1,"dungeons_and_combat:royal_steel_boots":1,"minecraft:stick":5,"dungeons_and_combat:counselor_chestplate":5,"iceandfire:dragonbone":1,"pizzacraft:pineapple_seeds":1,"dungeons_and_combat:royal_steel_leggings":1,"mowziesmobs:sol_visage":1,"dungeons_and_combat:royal_steel_chestplate":2,"dungeons_and_combat:cursed_steel_dagger":4,"minecraft:quartz_pillar":1,"minecraft:stone_button":2,"dungeons_and_combat:royal_steel_sword":1,"mowziesmobs:umvuthana_mask_faith":4,"minecraft:arrow":8,"minecraft:rotten_flesh":23,"minecraft:golden_hoe":1,"alexsmobs:emu_egg":4,"mowziesmobs:umvuthana_mask_bliss":1,"minecraft:saddle":2,"minecraft:gold_ingot":22,"supplementaries:ash":5,"minecraft:iron_bars":1,"minecraft:cobblestone":3,"minecraft:sponge":1,"minecraft:leather_chestplate":1,"minecraft:feather":35,"minecraft:iron_door":1,"minecraft:filled_map":1,"scalinghealth:heart_crystal":16,"dungeons_and_combat:forgotten_knight_chestplate":1,"minecraft:lapis_lazuli":26,"dungeons_and_combat:cobblestone_brick_mossy":1,"minecraft:dirt":18,"minecraft:leather_boots":1,"minecraft:mangrove_fence":1,"minecraft:bone":3,"mowziesmobs:umvuthana_mask_rage":2,"minecraft:wheat_seeds":14,"minecraft:iron_ingot":9,"minecraft:glowstone_dust":1,"minecraft:moss_block":2,"mowziesmobs:umvuthana_mask_misery":3,"minecraft:dark_oak_stairs":6,"sophisticatedbackpacks:diamond_backpack":1,"tconstruct:necrotic_bone":3,"scalinghealth:heart_crystal_shard":8,"minecraft:smooth_basalt":1,"minecraft:pumpkin":2,"dungeons_and_combat:forgotten_knight_leggings":1,"minecraft:dark_oak_fence_gate":2,"naturalist:duck_egg":1,"minecraft:leather_helmet":1,"minecraft:dark_prismarine":3,"minecraft:diamond":19,"minecraft:stripped_jungle_wood":3,"minecraft:crossbow":1,"minecraft:emerald":38,"minecraft:bread":39,"mowziesmobs:umvuthana_mask_fear":2,"minecraft:oak_sapling":2,"minecraft:acacia_slab":1,"minecraft:coal":2,"minecraft:ender_pearl":3},"minecraft:custom":{"minecraft:interact_with_smithing_table":1,"minecraft:mob_kills":66,"minecraft:interact_with_crafting_table":3,"minecraft:open_barrel":10,"minecraft:bell_ring":1,"minecraft:damage_dealt_resisted":115,"minecraft:leave_game":8,"minecraft:time_since_death":11359,"minecraft:climb_one_cm":26503,"minecraft:damage_resisted":2066,"minecraft:sprint_one_cm":64147,"minecraft:walk_one_cm":919806,"minecraft:damage_blocked_by_shield":583,"minecraft:drop":110,"minecraft:talked_to_villager":2,"minecraft:play_time":304094,"minecraft:deaths":12,"minecraft:sneak_time":1153,"minecraft:walk_under_water_one_cm":54485,"minecraft:jump":2259,"minecraft:walk_on_water_one_cm":81761,"minecraft:total_world_time":304094,"minecraft:interact_with_loom":1,"minecraft:sleep_in_bed":5,"minecraft:time_since_rest":11563,"minecraft:waystone_activated":1,"minecraft:damage_taken":13867,"minecraft:trigger_trapped_chest":1,"minecraft:damage_dealt":15479,"minecraft:swim_one_cm":69951,"minecraft:fly_one_cm":187141,"minecraft:open_chest":39,"minecraft:crouch_one_cm":1624,"minecraft:fall_one_cm":99429},"minecraft:killed":{"crittersandcompanions:leaf_insect":1,"dungeons_and_combat:counselor_skull":15,"minecraft:skeleton":1,"mowziesmobs:umvuthana_crane":16,"minecraft:silverfish":2,"mowziesmobs:umvuthana":8,"dungeons_and_combat:royal_skull":6,"minecraft:pillager":4,"minecraft:zombie":7,"minecraft:wither_skeleton":3},"minecraft:crafted":{"minecraft:diamond_pickaxe":1},"minecraft:killed_by":{"minecraft:player":1,"minecraft:zombie":1},"minecraft:used":{"alexsmobs:emu_egg":4,"minecraft:moss_block":2,"minecraft:iron_bars":1,"dungeons_and_combat:royal_steel_sword":281,"mowziesmobs:umvuthana_mask_fear":1,"dungeons_and_combat:broken_sword":169,"minecraft:ladder":2,"minecraft:chest":1,"minecraft:stripped_jungle_wood":3,"minecraft:mangrove_fence":1,"minecraft:cooked_salmon":10,"minecraft:dirt":12,"scalinghealth:heart_crystal":15,"minecraft:carrot":6,"minecraft:golden_shovel":19,"minecraft:stone_brick_stairs":2,"minecraft:smooth_basalt":1,"minecraft:stripped_mangrove_log":5,"minecraft:golden_sword":32,"minecraft:potato":4,"minecraft:pumpkin":1,"minecraft:dark_prismarine_stairs":5,"minecraft:oak_planks":5,"minecraft:ender_pearl":3,"minecraft:wooden_pickaxe":21,"naturalist:duck_egg":1,"dungeons_and_combat:cursed_steel_dagger":98,"farmersdelight:onion":16,"minecraft:golden_hoe":16,"minecraft:sponge":1,"dungeons_and_combat:broken_shield":9,"minecraft:dark_prismarine":3,"minecraft:diamond_pickaxe":8,"dungeons_and_combat:cobblestone_brick_mossy":1,"minecraft:melon_slice":57,"minecraft:bread":26,"minecraft:iron_pickaxe":25,"minecraft:stone_button":2,"minecraft:iron_door":1,"mowziesmobs:sol_visage":1,"alexsmobs:animal_dictionary":2},"minecraft:broken":{"minecraft:golden_hoe":1,"dungeons_and_combat:royal_steel_helmet":1,"dungeons_and_combat:counselor_leggings":1,"minecraft:golden_shovel":1,"dungeons_and_combat:broken_sword":1,"dungeons_and_combat:royal_steel_boots":1,"dungeons_and_combat:forgotten_knight_chestplate":1,"dungeons_and_combat:cursed_steel_dagger":3,"dungeons_and_combat:forgotten_knight_boots":1,"minecraft:golden_sword":1,"dungeons_and_combat:royal_steel_chestplate":2,"dungeons_and_combat:forgotten_knight_leggings":1},"minecraft:dropped":{"minecraft:dark_oak_stairs":6,"minecraft:wheat_seeds":14,"minecraft:lapis_lazuli":13,"minecraft:ender_pearl":2,"minecraft:feather":9,"minecraft:crossbow":1,"minecraft:iron_helmet":1,"minecraft:cobblestone":1,"dungeons_and_combat:counselor_chestplate":4,"dungeons_and_combat:counselor_leggings":2,"minecraft:leather_helmet":1,"minecraft:coal":2,"minecraft:emerald":29,"minecraft:stick":3,"minecraft:dark_oak_log":2,"tconstruct:necrotic_bone":3,"scalinghealth:heart_crystal":1,"dungeons_and_combat:estus_flask":1,"gravestone:obituary":22,"minecraft:pumpkin":1,"minecraft:iron_pickaxe":1,"minecraft:smooth_red_sandstone_slab":1,"dungeons_and_combat:forgotten_knight_leggings":1,"minecraft:string":4,"minecraft:gold_ingot":9,"minecraft:bone":3,"minecraft:sugar_cane":7,"minecraft:iron_nugget":63,"dungeons_and_combat:forgotten_knight_chestplate":1,"dungeons_and_combat:forgotten_knight_helmet":1,"minecraft:wheat":21,"iceandfire:witherbone":3,"minecraft:rotten_flesh":21,"minecraft:light_gray_wool":7,"minecraft:ender_eye":1,"minecraft:dark_oak_fence_gate":2,"minecraft:leather_chestplate":1,"supplementaries:ash":4,"mowziesmobs:umvuthana_mask_misery":1,"minecraft:charcoal":2,"minecraft:ladder":2,"minecraft:acacia_slab":1,"minecraft:acacia_sapling":10,"minecraft:leather_boots":1,"minecraft:oak_sapling":2,"minecraft:leather_leggings":1,"pizzacraft:pineapple_seeds":1,"minecraft:arrow":5,"minecraft:red_sand":1,"minecraft:wooden_pickaxe":1,"minecraft:iron_ingot":14},"minecraft:mined":{"minecraft:dark_prismarine_stairs":5,"minecraft:dark_prismarine":3,"minecraft:stripped_mangrove_log":5,"biomesoplenty:desert_grass":4,"unusualprehistory:stone_amber_ore":2,"minecraft:ladder":2,"gravestone:gravestone":11,"minecraft:red_sand":1,"minecraft:grass_block":10,"minecraft:stripped_jungle_wood":3,"minecraft:mangrove_fence":1,"minecraft:spawner":4,"minecraft:large_fern":1,"minecraft:smooth_stone":1,"minecraft:dark_oak_fence_gate":1,"minecraft:pumpkin":2,"minecraft:gold_block":1,"minecraft:smooth_red_sandstone":2,"minecraft:iron_bars":1,"lucky:lucky_block":9,"minecraft:stone":3,"minecraft:acacia_leaves":1,"minecraft:soul_fire":1,"minecraft:chest":1,"minecraft:dead_bush":1,"dungeons_and_combat:cobblestone_brick_mossy":1,"minecraft:campfire":1,"minecraft:smooth_red_sandstone_slab":2,"minecraft:iron_door":1,"minecraft:light_gray_wool":10,"minecraft:quartz_pillar":1,"minecraft:stone_brick_stairs":2,"minecraft:grass":52,"minecraft:dirt":11,"minecraft:infested_cracked_stone_bricks":1,"minecraft:polished_andesite":1,"minecraft:deepslate_emerald_ore":16,"minecraft:oak_leaves":2}},"DataVersion":3465}