{"stats":{"minecraft:picked_up":{"iceandfire:dragon_skull_lightning":1,"minecraft:charcoal":2,"iceandfire:dragonbone":1,"minecraft:pumpkin":2,"minecraft:filled_map":1,"minecraft:golden_shovel":1,"minecraft:golden_sword":1,"scalinghealth:heart_crystal":1,"minecraft:dirt":1,"minecraft:arrow":1,"minecraft:golden_hoe":1,"minecraft:wheat_seeds":8,"minecraft:emerald":2,"minecraft:light_gray_wool":7,"minecraft:oak_sapling":2,"minecraft:melon_slice":38,"minecraft:chest":1},"minecraft:custom":{"minecraft:time_since_rest":4819,"minecraft:sprint_one_cm":2305,"minecraft:damage_taken":431,"minecraft:walk_one_cm":109678,"minecraft:mob_kills":2,"minecraft:drop":11,"minecraft:damage_dealt":403,"minecraft:talked_to_villager":1,"minecraft:interact_with_crafting_table":1,"minecraft:swim_one_cm":4205,"minecraft:fly_one_cm":4950,"minecraft:open_barrel":3,"minecraft:open_chest":3,"minecraft:play_time":28833,"minecraft:bell_ring":1,"minecraft:sneak_time":60,"minecraft:walk_under_water_one_cm":7384,"minecraft:jump":311,"minecraft:walk_on_water_one_cm":8069,"minecraft:time_since_death":28833,"minecraft:sleep_in_bed":1,"minecraft:climb_one_cm":848,"minecraft:total_world_time":28833,"minecraft:damage_resisted":104,"minecraft:fall_one_cm":7721},"minecraft:killed":{"minecraft:pillager":1,"crittersandcompanions:leaf_insect":1},"minecraft:used":{"dungeons_and_combat:broken_sword":1,"minecraft:melon_slice":10,"minecraft:golden_sword":9,"minecraft:dirt":1,"alexsmobs:animal_dictionary":2},"minecraft:mined":{"minecraft:light_gray_wool":10,"minecraft:pumpkin":2,"minecraft:grass":1,"minecraft:grass_block":1,"minecraft:chest":1,"minecraft:campfire":1},"minecraft:dropped":{"minecraft:wheat_seeds":8,"minecraft:acacia_sapling":10,"minecraft:wheat":21,"minecraft:oak_sapling":2,"minecraft:pumpkin":1}},"DataVersion":3465}