{"stats":{"minecraft:picked_up":{"iceandfire:dragon_skull_lightning":1,"minecraft:charcoal":2,"iceandfire:dragonbone":1,"minecraft:pumpkin":2,"minecraft:filled_map":1,"minecraft:potion":1,"minecraft:golden_shovel":1,"gravestone:obituary":1,"minecraft:golden_sword":1,"scalinghealth:heart_crystal":1,"minecraft:dirt":1,"minecraft:arrow":3,"minecraft:golden_hoe":1,"minecraft:wheat_seeds":8,"minecraft:crossbow":1,"minecraft:saddle":2,"minecraft:emerald":3,"minecraft:light_gray_wool":7,"minecraft:oak_sapling":2,"minecraft:melon_slice":38,"minecraft:chest":1},"minecraft:custom":{"minecraft:time_since_rest":4943,"minecraft:sprint_one_cm":9024,"minecraft:damage_taken":1140,"minecraft:walk_one_cm":181867,"minecraft:mob_kills":3,"minecraft:drop":14,"minecraft:damage_dealt":926,"minecraft:talked_to_villager":1,"minecraft:interact_with_crafting_table":1,"minecraft:swim_one_cm":4205,"minecraft:fly_one_cm":16018,"minecraft:open_barrel":4,"minecraft:open_chest":11,"minecraft:deaths":1,"minecraft:play_time":40833,"minecraft:bell_ring":1,"minecraft:sneak_time":60,"minecraft:walk_under_water_one_cm":7384,"minecraft:jump":415,"minecraft:walk_on_water_one_cm":8069,"minecraft:time_since_death":4892,"minecraft:sleep_in_bed":1,"minecraft:climb_one_cm":1997,"minecraft:total_world_time":40833,"minecraft:damage_resisted":256,"minecraft:fall_one_cm":11286},"minecraft:killed":{"minecraft:pillager":2,"crittersandcompanions:leaf_insect":1},"minecraft:used":{"dungeons_and_combat:broken_sword":1,"minecraft:melon_slice":26,"minecraft:golden_sword":32,"minecraft:dirt":1,"alexsmobs:animal_dictionary":2},"minecraft:broken":{"minecraft:golden_sword":1},"minecraft:mined":{"minecraft:light_gray_wool":10,"minecraft:pumpkin":2,"gravestone:gravestone":1,"minecraft:grass":1,"minecraft:grass_block":1,"minecraft:chest":1,"minecraft:campfire":1},"minecraft:dropped":{"minecraft:dark_oak_log":2,"minecraft:wheat_seeds":8,"minecraft:acacia_sapling":10,"minecraft:wheat":21,"minecraft:oak_sapling":2,"gravestone:obituary":2,"minecraft:pumpkin":1}},"DataVersion":3465}