{"stats":{"minecraft:picked_up":{"iceandfire:dragon_skull_lightning":1,"iceandfire:dragonbone":1,"minecraft:arrow":1,"minecraft:pumpkin":1,"minecraft:wheat_seeds":8,"minecraft:golden_hoe":1,"minecraft:golden_shovel":1,"minecraft:emerald":2,"minecraft:golden_sword":1,"minecraft:oak_sapling":2,"scalinghealth:heart_crystal":1,"minecraft:dirt":1},"minecraft:custom":{"minecraft:open_chest":2,"minecraft:time_since_rest":16833,"minecraft:play_time":16833,"minecraft:sprint_one_cm":184,"minecraft:damage_taken":419,"minecraft:walk_one_cm":48973,"minecraft:sneak_time":60,"minecraft:walk_under_water_one_cm":5846,"minecraft:mob_kills":2,"minecraft:drop":9,"minecraft:jump":162,"minecraft:damage_dealt":403,"minecraft:time_since_death":16833,"minecraft:walk_on_water_one_cm":5987,"minecraft:total_world_time":16833,"minecraft:damage_resisted":96,"minecraft:swim_one_cm":4205,"minecraft:fall_one_cm":5676,"minecraft:fly_one_cm":419},"minecraft:killed":{"crittersandcompanions:leaf_insect":1,"minecraft:pillager":1},"minecraft:used":{"minecraft:golden_sword":9,"minecraft:dirt":1,"dungeons_and_combat:broken_sword":1,"alexsmobs:animal_dictionary":2},"minecraft:dropped":{"minecraft:pumpkin":1,"minecraft:wheat_seeds":8,"minecraft:oak_sapling":2},"minecraft:mined":{"minecraft:grass":1,"minecraft:grass_block":1,"minecraft:pumpkin":1}},"DataVersion":3465}