{"stats":{"minecraft:custom":{"minecraft:mob_kills":42,"minecraft:interact_with_crafting_table":3,"minecraft:open_barrel":8,"minecraft:bell_ring":1,"minecraft:damage_dealt_resisted":61,"minecraft:time_since_death":91713,"minecraft:climb_one_cm":25899,"minecraft:damage_resisted":1104,"minecraft:sprint_one_cm":19608,"minecraft:walk_one_cm":623466,"minecraft:damage_blocked_by_shield":583,"minecraft:drop":62,"minecraft:talked_to_villager":1,"minecraft:play_time":202833,"minecraft:deaths":4,"minecraft:sneak_time":879,"minecraft:walk_under_water_one_cm":15528,"minecraft:jump":1376,"minecraft:walk_on_water_one_cm":29202,"minecraft:total_world_time":202833,"minecraft:interact_with_loom":1,"minecraft:sleep_in_bed":3,"minecraft:time_since_rest":582,"minecraft:waystone_activated":1,"minecraft:damage_taken":6063,"minecraft:damage_dealt":9328,"minecraft:swim_one_cm":10960,"minecraft:fly_one_cm":53946,"minecraft:open_chest":30,"minecraft:crouch_one_cm":1051,"minecraft:fall_one_cm":56942},"minecraft:picked_up":{"minecraft:charcoal":2,"iceandfire:dragon_skull_lightning":2,"dungeons_and_combat:royal_steel_helmet":1,"minecraft:ladder":4,"artifacts:bunny_hoppers":1,"minecraft:wooden_pickaxe":1,"minecraft:gold_block":1,"minecraft:potion":1,"minecraft:golden_shovel":1,"minecraft:stone_brick_stairs":2,"gravestone:obituary":3,"minecraft:golden_sword":1,"dungeons_and_combat:counselor_leggings":3,"minecraft:string":4,"dungeonnowloading:spawner_fragment":9,"minecraft:dark_prismarine_stairs":5,"minecraft:iron_nugget":63,"minecraft:iron_pickaxe":2,"minecraft:light_gray_wool":7,"minecraft:melon_slice":38,"minecraft:chest":1,"dungeons_and_combat:royal_steel_boots":1,"minecraft:stick":5,"dungeons_and_combat:counselor_chestplate":4,"iceandfire:dragonbone":1,"dungeons_and_combat:royal_steel_leggings":1,"mowziesmobs:sol_visage":1,"dungeons_and_combat:royal_steel_chestplate":2,"dungeons_and_combat:cursed_steel_dagger":4,"minecraft:stone_button":2,"dungeons_and_combat:royal_steel_sword":1,"mowziesmobs:umvuthana_mask_faith":2,"minecraft:arrow":5,"minecraft:rotten_flesh":13,"minecraft:golden_hoe":1,"mowziesmobs:umvuthana_mask_bliss":1,"alexsmobs:emu_egg":1,"minecraft:saddle":2,"minecraft:gold_ingot":9,"minecraft:feather":23,"minecraft:iron_door":1,"minecraft:filled_map":1,"dungeons_and_combat:forgotten_knight_chestplate":1,"scalinghealth:heart_crystal":11,"dungeons_and_combat:cobblestone_brick_mossy":1,"minecraft:lapis_lazuli":13,"minecraft:dirt":1,"minecraft:bone":1,"mowziesmobs:umvuthana_mask_rage":1,"minecraft:wheat_seeds":10,"minecraft:glowstone_dust":1,"minecraft:moss_block":2,"mowziesmobs:umvuthana_mask_misery":2,"minecraft:smooth_basalt":1,"minecraft:pumpkin":2,"dungeons_and_combat:forgotten_knight_leggings":1,"naturalist:duck_egg":1,"minecraft:dark_prismarine":3,"minecraft:diamond":8,"minecraft:crossbow":1,"minecraft:emerald":27,"minecraft:bread":39,"mowziesmobs:umvuthana_mask_fear":1,"minecraft:oak_sapling":2,"minecraft:acacia_slab":1},"minecraft:killed":{"crittersandcompanions:leaf_insect":1,"dungeons_and_combat:counselor_skull":15,"mowziesmobs:umvuthana_crane":9,"minecraft:silverfish":2,"mowziesmobs:umvuthana":6,"dungeons_and_combat:royal_skull":6,"minecraft:pillager":2,"minecraft:zombie":1},"minecraft:crafted":{"minecraft:diamond_pickaxe":1},"minecraft:used":{"alexsmobs:emu_egg":1,"minecraft:moss_block":2,"dungeons_and_combat:royal_steel_sword":148,"dungeons_and_combat:broken_sword":169,"minecraft:ladder":2,"minecraft:chest":1,"minecraft:dirt":1,"scalinghealth:heart_crystal":11,"minecraft:carrot":6,"minecraft:golden_shovel":19,"minecraft:stone_brick_stairs":2,"minecraft:smooth_basalt":1,"minecraft:golden_sword":32,"minecraft:potato":4,"minecraft:pumpkin":1,"minecraft:dark_prismarine_stairs":5,"minecraft:wooden_pickaxe":21,"naturalist:duck_egg":1,"dungeons_and_combat:cursed_steel_dagger":42,"farmersdelight:onion":16,"minecraft:golden_hoe":16,"dungeons_and_combat:broken_shield":9,"minecraft:dark_prismarine":3,"minecraft:diamond_pickaxe":1,"dungeons_and_combat:cobblestone_brick_mossy":1,"minecraft:melon_slice":57,"minecraft:bread":16,"minecraft:iron_pickaxe":16,"minecraft:stone_button":2,"minecraft:iron_door":1,"alexsmobs:animal_dictionary":2},"minecraft:broken":{"minecraft:golden_hoe":1,"minecraft:golden_shovel":1,"dungeons_and_combat:broken_sword":1,"dungeons_and_combat:forgotten_knight_chestplate":1,"dungeons_and_combat:cursed_steel_dagger":3,"dungeons_and_combat:forgotten_knight_boots":1,"minecraft:golden_sword":1,"dungeons_and_combat:forgotten_knight_leggings":1},"minecraft:dropped":{"minecraft:wheat_seeds":10,"minecraft:lapis_lazuli":13,"minecraft:crossbow":1,"minecraft:iron_helmet":1,"minecraft:feather":9,"dungeons_and_combat:counselor_chestplate":4,"dungeons_and_combat:counselor_leggings":2,"minecraft:stick":3,"minecraft:emerald":28,"minecraft:dark_oak_log":2,"dungeons_and_combat:estus_flask":1,"gravestone:obituary":7,"minecraft:pumpkin":1,"dungeons_and_combat:forgotten_knight_leggings":1,"minecraft:string":4,"minecraft:gold_ingot":9,"minecraft:bone":1,"minecraft:sugar_cane":7,"minecraft:iron_nugget":63,"dungeons_and_combat:forgotten_knight_chestplate":1,"dungeons_and_combat:forgotten_knight_helmet":1,"minecraft:wheat":21,"minecraft:rotten_flesh":13,"minecraft:light_gray_wool":7,"mowziesmobs:umvuthana_mask_misery":1,"minecraft:charcoal":2,"minecraft:acacia_slab":1,"minecraft:ladder":2,"minecraft:acacia_sapling":10,"minecraft:oak_sapling":2,"minecraft:arrow":2,"minecraft:wooden_pickaxe":1},"minecraft:mined":{"minecraft:dark_prismarine_stairs":5,"minecraft:dark_prismarine":3,"biomesoplenty:desert_grass":4,"minecraft:ladder":2,"gravestone:gravestone":4,"minecraft:grass_block":4,"minecraft:spawner":4,"minecraft:large_fern":1,"minecraft:pumpkin":2,"minecraft:gold_block":1,"lucky:lucky_block":2,"minecraft:chest":1,"minecraft:dead_bush":1,"dungeons_and_combat:cobblestone_brick_mossy":1,"minecraft:campfire":1,"minecraft:iron_door":1,"minecraft:light_gray_wool":10,"minecraft:stone_brick_stairs":2,"minecraft:grass":34,"minecraft:infested_cracked_stone_bricks":1,"minecraft:polished_andesite":1,"minecraft:oak_leaves":2,"minecraft:deepslate_emerald_ore":16}},"DataVersion":3465}