{"stats":{"minecraft:picked_up":{"minecraft:oak_sapling":2,"minecraft:wheat_seeds":4},"minecraft:custom":{"minecraft:jump":11,"minecraft:time_since_rest":4833,"minecraft:damage_dealt":60,"minecraft:damage_taken":14,"minecraft:play_time":4833,"minecraft:time_since_death":4833,"minecraft:walk_one_cm":3492,"minecraft:sneak_time":11,"minecraft:total_world_time":4833,"minecraft:mob_kills":1,"minecraft:fall_one_cm":267,"minecraft:drop":3,"minecraft:fly_one_cm":93},"minecraft:killed":{"crittersandcompanions:leaf_insect":1},"minecraft:used":{"alexsmobs:animal_dictionary":2},"minecraft:dropped":{"minecraft:wheat_seeds":1,"minecraft:oak_sapling":2},"minecraft:mined":{"minecraft:grass":1}},"DataVersion":3465}