{"stats":{"minecraft:custom":{"minecraft:mob_kills":42,"minecraft:interact_with_crafting_table":3,"minecraft:open_barrel":7,"minecraft:interact_with_loom":1,"minecraft:bell_ring":1,"minecraft:damage_dealt_resisted":61,"minecraft:time_since_death":79713,"minecraft:sleep_in_bed":2,"minecraft:damage_resisted":1104,"minecraft:climb_one_cm":25899,"minecraft:time_since_rest":79743,"minecraft:sprint_one_cm":17285,"minecraft:damage_taken":6042,"minecraft:walk_one_cm":578974,"minecraft:damage_blocked_by_shield":583,"minecraft:drop":56,"minecraft:damage_dealt":9328,"minecraft:swim_one_cm":9331,"minecraft:talked_to_villager":1,"minecraft:fly_one_cm":47771,"minecraft:open_chest":28,"minecraft:crouch_one_cm":1051,"minecraft:play_time":190833,"minecraft:deaths":4,"minecraft:sneak_time":871,"minecraft:walk_under_water_one_cm":14690,"minecraft:jump":1291,"minecraft:walk_on_water_one_cm":25204,"minecraft:total_world_time":190833,"minecraft:fall_one_cm":53187},"minecraft:picked_up":{"iceandfire:dragon_skull_lightning":2,"minecraft:charcoal":2,"minecraft:feather":23,"dungeons_and_combat:royal_steel_helmet":1,"minecraft:ladder":4,"minecraft:iron_door":1,"artifacts:bunny_hoppers":1,"minecraft:wooden_pickaxe":1,"minecraft:gold_block":1,"minecraft:filled_map":1,"minecraft:golden_shovel":1,"minecraft:potion":1,"minecraft:stone_brick_stairs":2,"gravestone:obituary":3,"minecraft:golden_sword":1,"scalinghealth:heart_crystal":11,"dungeons_and_combat:forgotten_knight_chestplate":1,"minecraft:lapis_lazuli":13,"minecraft:string":4,"dungeons_and_combat:cobblestone_brick_mossy":1,"minecraft:dirt":1,"dungeons_and_combat:counselor_leggings":3,"minecraft:bone":1,"dungeonnowloading:spawner_fragment":9,"mowziesmobs:umvuthana_mask_rage":1,"minecraft:wheat_seeds":10,"minecraft:dark_prismarine_stairs":5,"minecraft:iron_pickaxe":1,"minecraft:iron_nugget":63,"minecraft:light_gray_wool":7,"minecraft:glowstone_dust":1,"minecraft:moss_block":2,"minecraft:melon_slice":38,"minecraft:chest":1,"mowziesmobs:umvuthana_mask_misery":2,"dungeons_and_combat:royal_steel_boots":1,"minecraft:stick":2,"minecraft:smooth_basalt":1,"dungeons_and_combat:counselor_chestplate":4,"iceandfire:dragonbone":1,"dungeons_and_combat:royal_steel_leggings":1,"minecraft:pumpkin":2,"mowziesmobs:sol_visage":1,"dungeons_and_combat:forgotten_knight_leggings":1,"dungeons_and_combat:royal_steel_chestplate":2,"dungeons_and_combat:cursed_steel_dagger":4,"minecraft:stone_button":2,"minecraft:dark_prismarine":3,"dungeons_and_combat:royal_steel_sword":1,"mowziesmobs:umvuthana_mask_faith":2,"minecraft:arrow":5,"minecraft:rotten_flesh":13,"minecraft:diamond":8,"minecraft:golden_hoe":1,"minecraft:crossbow":1,"minecraft:gold_ingot":9,"mowziesmobs:umvuthana_mask_bliss":1,"minecraft:saddle":2,"minecraft:bread":39,"minecraft:emerald":15,"mowziesmobs:umvuthana_mask_fear":1,"minecraft:oak_sapling":2,"minecraft:acacia_slab":1},"minecraft:killed":{"crittersandcompanions:leaf_insect":1,"dungeons_and_combat:royal_skull":6,"dungeons_and_combat:counselor_skull":15,"minecraft:pillager":2,"minecraft:zombie":1,"mowziesmobs:umvuthana_crane":9,"minecraft:silverfish":2,"mowziesmobs:umvuthana":6},"minecraft:crafted":{"minecraft:diamond_pickaxe":1},"minecraft:used":{"minecraft:moss_block":2,"dungeons_and_combat:royal_steel_sword":148,"dungeons_and_combat:broken_sword":169,"minecraft:ladder":2,"minecraft:chest":1,"minecraft:wooden_pickaxe":21,"minecraft:golden_hoe":16,"dungeons_and_combat:cursed_steel_dagger":42,"farmersdelight:onion":16,"minecraft:dirt":1,"scalinghealth:heart_crystal":11,"minecraft:carrot":6,"minecraft:golden_shovel":19,"minecraft:dark_prismarine":3,"dungeons_and_combat:broken_shield":9,"minecraft:diamond_pickaxe":1,"minecraft:iron_pickaxe":4,"dungeons_and_combat:cobblestone_brick_mossy":1,"minecraft:bread":16,"minecraft:melon_slice":57,"minecraft:stone_button":2,"minecraft:iron_door":1,"minecraft:smooth_basalt":1,"minecraft:stone_brick_stairs":2,"minecraft:golden_sword":32,"alexsmobs:animal_dictionary":2,"minecraft:potato":4,"minecraft:pumpkin":1,"minecraft:dark_prismarine_stairs":5},"minecraft:broken":{"dungeons_and_combat:cursed_steel_dagger":3,"minecraft:golden_hoe":1,"dungeons_and_combat:forgotten_knight_boots":1,"minecraft:golden_sword":1,"dungeons_and_combat:forgotten_knight_leggings":1,"minecraft:golden_shovel":1,"dungeons_and_combat:broken_sword":1,"dungeons_and_combat:forgotten_knight_chestplate":1},"minecraft:dropped":{"minecraft:sugar_cane":7,"minecraft:wheat_seeds":10,"minecraft:iron_nugget":63,"dungeons_and_combat:forgotten_knight_chestplate":1,"dungeons_and_combat:forgotten_knight_helmet":1,"minecraft:wheat":21,"minecraft:feather":9,"minecraft:crossbow":1,"minecraft:iron_helmet":1,"minecraft:rotten_flesh":13,"minecraft:light_gray_wool":7,"dungeons_and_combat:counselor_leggings":2,"dungeons_and_combat:counselor_chestplate":4,"minecraft:dark_oak_log":2,"mowziesmobs:umvuthana_mask_misery":1,"minecraft:charcoal":2,"minecraft:acacia_slab":1,"minecraft:oak_sapling":2,"minecraft:acacia_sapling":10,"minecraft:ladder":2,"dungeons_and_combat:estus_flask":1,"gravestone:obituary":7,"minecraft:pumpkin":1,"minecraft:arrow":2,"minecraft:string":4,"dungeons_and_combat:forgotten_knight_leggings":1,"minecraft:gold_ingot":9,"minecraft:bone":1},"minecraft:mined":{"minecraft:dark_prismarine_stairs":5,"minecraft:dark_prismarine":3,"biomesoplenty:desert_grass":4,"gravestone:gravestone":4,"minecraft:ladder":2,"minecraft:grass_block":4,"minecraft:chest":1,"dungeons_and_combat:cobblestone_brick_mossy":1,"minecraft:campfire":1,"minecraft:iron_door":1,"minecraft:spawner":4,"minecraft:large_fern":1,"minecraft:gold_block":1,"minecraft:stone_brick_stairs":2,"minecraft:light_gray_wool":10,"minecraft:pumpkin":2,"minecraft:grass":34,"minecraft:infested_cracked_stone_bricks":1,"minecraft:polished_andesite":1,"lucky:lucky_block":2,"minecraft:deepslate_emerald_ore":4,"minecraft:oak_leaves":2}},"DataVersion":3465}