{"stats":{"minecraft:custom":{"minecraft:mob_kills":41,"minecraft:interact_with_crafting_table":1,"minecraft:open_barrel":7,"minecraft:interact_with_loom":1,"minecraft:bell_ring":1,"minecraft:damage_dealt_resisted":61,"minecraft:time_since_death":67713,"minecraft:sleep_in_bed":2,"minecraft:damage_resisted":1104,"minecraft:climb_one_cm":25899,"minecraft:time_since_rest":67743,"minecraft:sprint_one_cm":16109,"minecraft:damage_taken":5704,"minecraft:walk_one_cm":541934,"minecraft:damage_blocked_by_shield":583,"minecraft:drop":41,"minecraft:damage_dealt":9001,"minecraft:swim_one_cm":7907,"minecraft:talked_to_villager":1,"minecraft:fly_one_cm":42026,"minecraft:open_chest":24,"minecraft:crouch_one_cm":1051,"minecraft:play_time":178833,"minecraft:deaths":4,"minecraft:sneak_time":871,"minecraft:walk_under_water_one_cm":14517,"minecraft:jump":1193,"minecraft:walk_on_water_one_cm":24593,"minecraft:total_world_time":178833,"minecraft:fall_one_cm":49317},"minecraft:picked_up":{"iceandfire:dragon_skull_lightning":2,"minecraft:charcoal":2,"minecraft:feather":9,"dungeons_and_combat:royal_steel_helmet":1,"minecraft:ladder":4,"minecraft:iron_door":1,"artifacts:bunny_hoppers":1,"minecraft:wooden_pickaxe":1,"minecraft:filled_map":1,"minecraft:golden_shovel":1,"minecraft:potion":1,"minecraft:stone_brick_stairs":2,"gravestone:obituary":3,"minecraft:golden_sword":1,"scalinghealth:heart_crystal":10,"dungeons_and_combat:forgotten_knight_chestplate":1,"minecraft:string":4,"dungeons_and_combat:cobblestone_brick_mossy":1,"minecraft:dirt":1,"dungeons_and_combat:counselor_leggings":3,"dungeonnowloading:spawner_fragment":9,"mowziesmobs:umvuthana_mask_rage":1,"minecraft:wheat_seeds":9,"minecraft:dark_prismarine_stairs":5,"minecraft:light_gray_wool":7,"minecraft:glowstone_dust":1,"minecraft:moss_block":2,"minecraft:melon_slice":38,"minecraft:chest":1,"mowziesmobs:umvuthana_mask_misery":2,"dungeons_and_combat:royal_steel_boots":1,"minecraft:smooth_basalt":1,"dungeons_and_combat:counselor_chestplate":4,"iceandfire:dragonbone":1,"dungeons_and_combat:royal_steel_leggings":1,"minecraft:pumpkin":2,"mowziesmobs:sol_visage":1,"dungeons_and_combat:forgotten_knight_leggings":1,"dungeons_and_combat:royal_steel_chestplate":2,"dungeons_and_combat:cursed_steel_dagger":4,"minecraft:stone_button":2,"minecraft:dark_prismarine":3,"dungeons_and_combat:royal_steel_sword":1,"mowziesmobs:umvuthana_mask_faith":1,"minecraft:arrow":3,"minecraft:rotten_flesh":3,"minecraft:golden_hoe":1,"minecraft:crossbow":1,"mowziesmobs:umvuthana_mask_bliss":1,"minecraft:saddle":2,"minecraft:bread":39,"minecraft:emerald":3,"minecraft:oak_sapling":2,"minecraft:acacia_slab":1},"minecraft:killed":{"crittersandcompanions:leaf_insect":1,"dungeons_and_combat:royal_skull":6,"dungeons_and_combat:counselor_skull":15,"minecraft:pillager":2,"mowziesmobs:umvuthana_crane":9,"minecraft:silverfish":2,"mowziesmobs:umvuthana":6},"minecraft:used":{"minecraft:moss_block":2,"dungeons_and_combat:royal_steel_sword":147,"dungeons_and_combat:broken_sword":169,"minecraft:ladder":2,"minecraft:chest":1,"minecraft:wooden_pickaxe":21,"minecraft:golden_hoe":16,"dungeons_and_combat:cursed_steel_dagger":36,"farmersdelight:onion":16,"minecraft:dirt":1,"scalinghealth:heart_crystal":10,"minecraft:carrot":6,"minecraft:golden_shovel":19,"minecraft:dark_prismarine":3,"dungeons_and_combat:broken_shield":9,"dungeons_and_combat:cobblestone_brick_mossy":1,"minecraft:bread":13,"minecraft:melon_slice":57,"minecraft:stone_button":2,"minecraft:iron_door":1,"minecraft:smooth_basalt":1,"minecraft:stone_brick_stairs":2,"minecraft:golden_sword":32,"alexsmobs:animal_dictionary":2,"minecraft:potato":4,"minecraft:pumpkin":1,"minecraft:dark_prismarine_stairs":5},"minecraft:broken":{"dungeons_and_combat:cursed_steel_dagger":3,"minecraft:golden_hoe":1,"dungeons_and_combat:forgotten_knight_boots":1,"minecraft:golden_sword":1,"dungeons_and_combat:forgotten_knight_leggings":1,"minecraft:golden_shovel":1,"dungeons_and_combat:broken_sword":1,"dungeons_and_combat:forgotten_knight_chestplate":1},"minecraft:dropped":{"minecraft:sugar_cane":7,"minecraft:wheat_seeds":9,"dungeons_and_combat:forgotten_knight_chestplate":1,"dungeons_and_combat:forgotten_knight_helmet":1,"minecraft:wheat":21,"minecraft:feather":9,"minecraft:crossbow":1,"minecraft:iron_helmet":1,"minecraft:rotten_flesh":3,"minecraft:light_gray_wool":7,"dungeons_and_combat:counselor_leggings":2,"dungeons_and_combat:counselor_chestplate":4,"minecraft:dark_oak_log":2,"mowziesmobs:umvuthana_mask_misery":1,"minecraft:charcoal":2,"minecraft:acacia_slab":1,"minecraft:oak_sapling":2,"minecraft:acacia_sapling":10,"minecraft:ladder":2,"dungeons_and_combat:estus_flask":1,"gravestone:obituary":7,"minecraft:pumpkin":1,"dungeons_and_combat:forgotten_knight_leggings":1},"minecraft:mined":{"minecraft:dark_prismarine_stairs":5,"minecraft:dark_prismarine":3,"biomesoplenty:desert_grass":4,"gravestone:gravestone":4,"minecraft:ladder":2,"minecraft:grass_block":4,"minecraft:chest":1,"dungeons_and_combat:cobblestone_brick_mossy":1,"minecraft:campfire":1,"minecraft:iron_door":1,"minecraft:spawner":4,"minecraft:large_fern":1,"minecraft:stone_brick_stairs":2,"minecraft:light_gray_wool":10,"minecraft:pumpkin":2,"minecraft:grass":34,"minecraft:infested_cracked_stone_bricks":1,"minecraft:polished_andesite":1,"lucky:lucky_block":1,"minecraft:oak_leaves":2}},"DataVersion":3465}