{"stats":{"minecraft:picked_up":{"iceandfire:dragon_skull_lightning":2,"minecraft:charcoal":2,"iceandfire:dragonbone":1,"minecraft:feather":9,"minecraft:pumpkin":2,"minecraft:filled_map":1,"minecraft:potion":1,"minecraft:golden_shovel":1,"gravestone:obituary":1,"minecraft:golden_sword":1,"scalinghealth:heart_crystal":2,"minecraft:dirt":1,"mowziesmobs:umvuthana_mask_faith":1,"minecraft:arrow":3,"minecraft:golden_hoe":1,"minecraft:wheat_seeds":8,"minecraft:crossbow":1,"mowziesmobs:umvuthana_mask_bliss":1,"minecraft:saddle":2,"minecraft:emerald":3,"minecraft:light_gray_wool":7,"minecraft:oak_sapling":2,"minecraft:melon_slice":38,"minecraft:chest":1,"mowziesmobs:umvuthana_mask_misery":2},"minecraft:custom":{"minecraft:time_since_rest":11071,"minecraft:sprint_one_cm":13091,"minecraft:damage_taken":2631,"minecraft:walk_one_cm":294627,"minecraft:mob_kills":15,"minecraft:drop":16,"minecraft:damage_dealt":4149,"minecraft:talked_to_villager":1,"minecraft:interact_with_crafting_table":1,"minecraft:swim_one_cm":4205,"minecraft:fly_one_cm":23626,"minecraft:open_barrel":4,"minecraft:open_chest":16,"minecraft:deaths":2,"minecraft:play_time":64833,"minecraft:bell_ring":1,"minecraft:sneak_time":60,"minecraft:walk_under_water_one_cm":8194,"minecraft:damage_dealt_resisted":31,"minecraft:jump":679,"minecraft:walk_on_water_one_cm":9882,"minecraft:time_since_death":11037,"minecraft:sleep_in_bed":2,"minecraft:climb_one_cm":7071,"minecraft:total_world_time":64833,"minecraft:damage_resisted":672,"minecraft:fall_one_cm":20747},"minecraft:killed":{"minecraft:pillager":2,"mowziesmobs:umvuthana_crane":7,"crittersandcompanions:leaf_insect":1,"mowziesmobs:umvuthana":5},"minecraft:used":{"dungeons_and_combat:broken_sword":107,"minecraft:melon_slice":56,"minecraft:golden_sword":32,"minecraft:dirt":1,"alexsmobs:animal_dictionary":2,"minecraft:pumpkin":1},"minecraft:broken":{"dungeons_and_combat:forgotten_knight_boots":1,"minecraft:golden_sword":1,"dungeons_and_combat:forgotten_knight_leggings":1,"dungeons_and_combat:forgotten_knight_chestplate":1},"minecraft:mined":{"biomesoplenty:desert_grass":2,"minecraft:light_gray_wool":10,"minecraft:pumpkin":2,"gravestone:gravestone":2,"minecraft:grass":18,"minecraft:grass_block":1,"minecraft:chest":1,"minecraft:campfire":1},"minecraft:dropped":{"minecraft:dark_oak_log":2,"minecraft:wheat_seeds":8,"mowziesmobs:umvuthana_mask_misery":1,"minecraft:acacia_sapling":10,"minecraft:wheat":21,"minecraft:oak_sapling":2,"gravestone:obituary":3,"minecraft:pumpkin":1}},"DataVersion":3465}