{"stats":{"minecraft:picked_up":{"minecraft:charcoal":2,"iceandfire:dragon_skull_lightning":2,"iceandfire:witherbone":3,"dungeons_and_combat:royal_steel_helmet":1,"minecraft:ladder":4,"minecraft:leather_leggings":1,"artifacts:bunny_hoppers":1,"minecraft:wooden_pickaxe":1,"minecraft:gold_block":1,"minecraft:potion":1,"minecraft:golden_shovel":1,"minecraft:stone_brick_stairs":2,"gravestone:obituary":4,"minecraft:golden_sword":1,"dungeons_and_combat:counselor_leggings":3,"minecraft:string":4,"dungeonnowloading:spawner_fragment":9,"minecraft:smooth_red_sandstone_slab":1,"minecraft:red_sand":1,"minecraft:dark_prismarine_stairs":5,"minecraft:iron_nugget":63,"minecraft:iron_pickaxe":3,"minecraft:light_gray_wool":7,"minecraft:melon_slice":38,"minecraft:chest":1,"dungeons_and_combat:royal_steel_boots":1,"minecraft:stick":5,"dungeons_and_combat:counselor_chestplate":4,"iceandfire:dragonbone":1,"pizzacraft:pineapple_seeds":1,"dungeons_and_combat:royal_steel_leggings":1,"mowziesmobs:sol_visage":1,"dungeons_and_combat:royal_steel_chestplate":2,"dungeons_and_combat:cursed_steel_dagger":4,"minecraft:stone_button":2,"dungeons_and_combat:royal_steel_sword":1,"mowziesmobs:umvuthana_mask_faith":2,"minecraft:arrow":6,"minecraft:rotten_flesh":13,"minecraft:golden_hoe":1,"mowziesmobs:umvuthana_mask_bliss":1,"alexsmobs:emu_egg":2,"minecraft:saddle":2,"minecraft:gold_ingot":9,"minecraft:leather_chestplate":1,"minecraft:feather":23,"minecraft:iron_door":1,"minecraft:filled_map":1,"dungeons_and_combat:forgotten_knight_chestplate":1,"scalinghealth:heart_crystal":12,"dungeons_and_combat:cobblestone_brick_mossy":1,"minecraft:lapis_lazuli":13,"minecraft:dirt":1,"minecraft:leather_boots":1,"minecraft:bone":3,"mowziesmobs:umvuthana_mask_rage":1,"minecraft:wheat_seeds":11,"minecraft:glowstone_dust":1,"minecraft:moss_block":2,"mowziesmobs:umvuthana_mask_misery":2,"minecraft:dark_oak_stairs":6,"sophisticatedbackpacks:diamond_backpack":1,"tconstruct:necrotic_bone":3,"minecraft:smooth_basalt":1,"minecraft:pumpkin":2,"dungeons_and_combat:forgotten_knight_leggings":1,"minecraft:dark_oak_fence_gate":2,"naturalist:duck_egg":1,"minecraft:leather_helmet":1,"minecraft:dark_prismarine":3,"minecraft:diamond":8,"minecraft:crossbow":1,"minecraft:emerald":27,"minecraft:bread":39,"mowziesmobs:umvuthana_mask_fear":1,"minecraft:oak_sapling":2,"minecraft:acacia_slab":1,"minecraft:coal":2},"minecraft:custom":{"minecraft:interact_with_smithing_table":1,"minecraft:mob_kills":46,"minecraft:interact_with_crafting_table":3,"minecraft:open_barrel":10,"minecraft:bell_ring":1,"minecraft:damage_dealt_resisted":61,"minecraft:time_since_death":10273,"minecraft:climb_one_cm":26503,"minecraft:damage_resisted":1492,"minecraft:sprint_one_cm":48058,"minecraft:walk_one_cm":764651,"minecraft:damage_blocked_by_shield":583,"minecraft:drop":85,"minecraft:talked_to_villager":2,"minecraft:play_time":250833,"minecraft:deaths":7,"minecraft:sneak_time":1039,"minecraft:walk_under_water_one_cm":49664,"minecraft:jump":1656,"minecraft:walk_on_water_one_cm":69602,"minecraft:total_world_time":250833,"minecraft:interact_with_loom":1,"minecraft:sleep_in_bed":4,"minecraft:time_since_rest":7372,"minecraft:waystone_activated":1,"minecraft:damage_taken":8794,"minecraft:trigger_trapped_chest":1,"minecraft:damage_dealt":10605,"minecraft:swim_one_cm":59512,"minecraft:fly_one_cm":85814,"minecraft:open_chest":34,"minecraft:crouch_one_cm":1303,"minecraft:fall_one_cm":66143},"minecraft:killed":{"crittersandcompanions:leaf_insect":1,"dungeons_and_combat:counselor_skull":15,"minecraft:skeleton":1,"mowziesmobs:umvuthana_crane":9,"minecraft:silverfish":2,"mowziesmobs:umvuthana":6,"dungeons_and_combat:royal_skull":6,"minecraft:pillager":2,"minecraft:zombie":1,"minecraft:wither_skeleton":3},"minecraft:crafted":{"minecraft:diamond_pickaxe":1},"minecraft:used":{"alexsmobs:emu_egg":2,"minecraft:moss_block":2,"dungeons_and_combat:royal_steel_sword":170,"dungeons_and_combat:broken_sword":169,"minecraft:ladder":2,"minecraft:chest":1,"minecraft:cooked_salmon":6,"minecraft:dirt":1,"scalinghealth:heart_crystal":11,"minecraft:carrot":6,"minecraft:golden_shovel":19,"minecraft:stone_brick_stairs":2,"minecraft:smooth_basalt":1,"minecraft:golden_sword":32,"minecraft:potato":4,"minecraft:pumpkin":1,"minecraft:dark_prismarine_stairs":5,"minecraft:wooden_pickaxe":21,"naturalist:duck_egg":1,"dungeons_and_combat:cursed_steel_dagger":42,"farmersdelight:onion":16,"minecraft:golden_hoe":16,"dungeons_and_combat:broken_shield":9,"minecraft:dark_prismarine":3,"minecraft:diamond_pickaxe":3,"dungeons_and_combat:cobblestone_brick_mossy":1,"minecraft:melon_slice":57,"minecraft:bread":22,"minecraft:iron_pickaxe":21,"minecraft:stone_button":2,"minecraft:iron_door":1,"alexsmobs:animal_dictionary":2},"minecraft:broken":{"minecraft:golden_hoe":1,"dungeons_and_combat:royal_steel_helmet":1,"dungeons_and_combat:counselor_leggings":1,"minecraft:golden_shovel":1,"dungeons_and_combat:broken_sword":1,"dungeons_and_combat:royal_steel_boots":1,"dungeons_and_combat:forgotten_knight_chestplate":1,"dungeons_and_combat:cursed_steel_dagger":3,"dungeons_and_combat:forgotten_knight_boots":1,"minecraft:golden_sword":1,"dungeons_and_combat:forgotten_knight_leggings":1},"minecraft:dropped":{"minecraft:dark_oak_stairs":6,"minecraft:wheat_seeds":11,"minecraft:lapis_lazuli":13,"minecraft:crossbow":1,"minecraft:iron_helmet":1,"minecraft:feather":9,"dungeons_and_combat:counselor_chestplate":4,"dungeons_and_combat:counselor_leggings":2,"minecraft:leather_helmet":1,"minecraft:stick":3,"minecraft:emerald":28,"minecraft:dark_oak_log":2,"scalinghealth:heart_crystal":1,"dungeons_and_combat:estus_flask":1,"gravestone:obituary":11,"minecraft:pumpkin":1,"minecraft:iron_pickaxe":1,"minecraft:smooth_red_sandstone_slab":1,"dungeons_and_combat:forgotten_knight_leggings":1,"minecraft:string":4,"minecraft:gold_ingot":9,"minecraft:bone":3,"minecraft:sugar_cane":7,"minecraft:iron_nugget":63,"dungeons_and_combat:forgotten_knight_chestplate":1,"dungeons_and_combat:forgotten_knight_helmet":1,"minecraft:wheat":21,"minecraft:rotten_flesh":13,"minecraft:light_gray_wool":7,"minecraft:ender_eye":1,"minecraft:dark_oak_fence_gate":2,"minecraft:leather_chestplate":1,"mowziesmobs:umvuthana_mask_misery":1,"minecraft:charcoal":2,"minecraft:acacia_slab":1,"minecraft:leather_boots":1,"minecraft:ladder":2,"minecraft:acacia_sapling":10,"minecraft:oak_sapling":2,"minecraft:leather_leggings":1,"pizzacraft:pineapple_seeds":1,"minecraft:arrow":3,"minecraft:red_sand":1,"minecraft:wooden_pickaxe":1},"minecraft:mined":{"minecraft:dark_prismarine_stairs":5,"minecraft:dark_prismarine":3,"biomesoplenty:desert_grass":4,"minecraft:ladder":2,"gravestone:gravestone":7,"minecraft:red_sand":1,"minecraft:grass_block":4,"minecraft:spawner":4,"minecraft:large_fern":1,"minecraft:dark_oak_fence_gate":1,"minecraft:pumpkin":2,"minecraft:gold_block":1,"minecraft:smooth_red_sandstone":2,"lucky:lucky_block":3,"minecraft:soul_fire":1,"minecraft:chest":1,"minecraft:dead_bush":1,"dungeons_and_combat:cobblestone_brick_mossy":1,"minecraft:campfire":1,"minecraft:smooth_red_sandstone_slab":2,"minecraft:iron_door":1,"minecraft:light_gray_wool":10,"minecraft:stone_brick_stairs":2,"minecraft:grass":35,"minecraft:infested_cracked_stone_bricks":1,"minecraft:polished_andesite":1,"minecraft:oak_leaves":2,"minecraft:deepslate_emerald_ore":16}},"DataVersion":3465}